tweet,label
aspek historis calon ibu kota negara kutai kartanegara punya perjalanan panjang  sejarah  kerajaan tertua  nusantara pemindahan ibukota negara  kutai kartanegara mengulang  sejarah pusat peradaban nusantara,0
gubernur kaltim pemindahan ibu kota  bukit soeharto  samboja nama ibukota baru cocoknya kota administrasi soeharto,0
politikus demokrat sebut pemindahan ibu kota harusnya  jajak pendapat dulu warta ekonomi,-1
  pemindahan ibu kota  kaltim terkesan jadi keputusan final padahal banyak uu yg  diubah dibuat baru kalau dpr  mau       kajian bappenas  diuji publik  akademisi lembaga penelitian  bahkan dpr intinya  final,-1
negara dikelola  sporadis,0
alasan pemindahan ibu kota  beban jakarta  terlalu berat pic twitter com k jxscmayg,1
mudah an biaya pemindahan ibu kota  menjadi ajang mega korupsi edisi terbaru  indonesia,-1
pemindahan ibu kota  kalimantan timur   menimbulkan arus urbanisasi,0
 beberapa aspek  dikaji  pemindahan ibu kota ,0
setuju alasan realisasi sila  keadilan sosial  seluruh rakyat indonesia dgn pemerataan multiplier effect pemindahan ibu kota  alasan teknis lainnya atas kondisi jkt  pulau jawa,1
pemindahan ibu kota mengalihkan isu papua,-1
pertanyaan sederhananya  jk  turut mengomentari pemindahan ibu kota negara mk apa tanggapan  dgn prmintaan kawan  anies baswedan gub dki jkt yg meminta rp t utk perbaiki dki jkt adakah komen cerdas dr ,0
abis ngumumin pemindahan ibu kota negara biasanya dijawab pake gempa entah  daerah mana we ll see,-1
kakak dapid td lg meeting pemindahan ibu kota katanya,0
bapak tdk menolak tp bapak cuma menjelaskan kakurangannya sja tp tdk sisi baiknya coba bapak sma  utarakan  baiknya dr pemindahan ibu kota biar masyarakat jgn  liat pandangan bapak dr sisi  membuat arah pemikiran masyarakat  arah,0
   perlu diketahui soal pemindahan ibu kota  beberapa poin  perlu,0
pemindahan ibu kota bukan solusi justru menambah masalah baru    jalur obor cina  justru  memudahkan cina menguasai indonesia pic twitter com um zmmt xj,-1
pemindahan ibu kota trending  twitter lihat komentar komentar lucu warganet via,0
proses pemindahan memakan biaya t sebagian ditanggung wilayah ibu kota baru eh  bener sih mindahin  provinsi terkaya se indonesia biar duitnya kepake ,-1
terkait rencana pemindahan ibu kota  kalimantan banyak  kebakaran jenggot mendengar  tsb  karna  jadi pindah  jualan agama buat berpolitik  bakalan laku  kalimantan bener  bang,1
pemindahan ibu kota sebaiknya melalui undang undang,-1
   perlu diketahui soal pemindahan ibu kota  beberapa poin  per,0
 ngebayangin gmna proses pemindahan ibu kota  yg  kasih gambaran,0
f pdip pemindahan ibu kota pernah dibicarakan  komisi xi,0
dipetimbangkan  menambah utang gitu maksudnya  dinikmati segelintir orang kok  menjastifikasi  kalah menangnya  kalau   mikir  tolonglah dampak  ekonomi kedepannya bagaimana baiknya  pemindahan ibu kota sebegitu penting,-1
ngomong apa kau lek sok jago dikira mimpin negara  enak dikira ide pemindahan ibu kota  siapa  era  sebelumnya,0
harapan n kenyataan realitas yg  teralisasi mobil esemka vs pemindahan ibu kota,-1
serius nnya skema ppp alias kpbu  proses pemindahan ibu kota bentuk kongkrit nya  apa  ntar pake sistem bot     baca detailnya nyari  web kalian ga nemu cc,0
  bicara untung rugi pemindahan ibu kota negara diluar  mana dana pembangunan ibu kota negara krn  sangat suka,0
skema pembiayan pemindahan ibu kota negara lewat #,0
pemindahan ibu kota pindah thn pemilihan presiden mulai bakalan dipilih mpr  masa jabatan selama thn  terealisasi,0
bisnis ekspedisi bakal meningkat seiring pemindahan ibu kota  kaltim pic twitter com jsqir c,1
sepertinya    besar  sengaja ditutupi dibalik rencana pemindahan ibu kota  apa  entahlah,-1
terpecah belah cuma gara gara kepentingan politik pro kontra pemindahan ibu kota pro kontra bubarkan banser fpi pro kontra investor asing cukong pro kontra pin emas mobil dinas pejabat pro kontra opm,0
kepikiran klo pemindahan ibu kota bukan pemikiran ide pak jokowi apa jadinya isi tl twitter ,0
pak sekedar tanya yah    menjamin kalo proses pemindahan ibu kota dana nya gak  korupsi,-1
pemindahan ibu kota utk kepentingan siapa rakyat  curiga koq sepertinya sangat dipaksakan   agenda  yg tersembunyi,-1
pemindahan ibu kota baru tak bebani apbn begini presiden jokowi rinci sumber pembiayaan kutai kertanegara dki kertanegara kaltim pic twitter com rcjkjewmcn,0
semuanya terlalu sibuk urusin pemindahan ibu kota ayolah semuanya sibuk perbaikin moral ,-1
anies minta anggaran t  mempercantik dki pindahin ibu kota anggaran t koq  lebih murah anggaran pemindahan kota pantesan dki  bikin amburadul  anies  tujuan utk memperoleh anggaran t wah asik anggaran  dijadikan bancakan,1
jaringan advokasi tambang jatam memperkirakan pemindahan ibu kota    menguntungkan pemilik,-1
apa  pemindahan ibu kota  nambah utang  pemodal swasta yg terlibat  china ,-1
knp ibu kota hrus dipaksa pindah pdhal  banyak pekerjaan pemerintah yg  yg lbih penting spt jangan naikin iuran bpjs jangan naikin listrik  bbm pemindahan ibu kota  pekerjaan besar besar biaya  lainnya berpikir logis utk kesejahteraan rakyat dulu lah,-1
gubernur dki jakarta anies baswedan menanggapi positif rencana pemindahan ibu kota   berpindah  pusat pemerintahan  jakarta tetap prioritas pembangunan  tetap menjadi kota bisnis keuangan pusat perdagangan  jasa,1
 luar pro kontra pemindahan ibu kota semua  punya pandangan yg pro  yg kontra   pindah    semua siap aja beli gedung pemerintahan  jadiin pesantren tahfizh hehehe biar jkt jd kota pic twitter com w hxhfvp,1
yuk simak alasan pemindahan ibu kota  dikemukakan presiden joko widodo  konferensi pers  istana negara jakarta senin pic twitter com lswm kpdrl,0
sepi respon rakyat tak  gegap gempita tak  harapan pemindahan ibu kota  jadi agenda segelintir elit   demagog politik  makelar apa untungnya tergesa  kondisi ekonomi yg morat marit hutang bertumpuk ampun,-1
 pelaku usaha meminta  pemindahan ibu kota indonesia  dki jakarta  kalimantan timur dilakukan hati hati  tengah kondisi ekonomi  tak menentu,1
 kondisi   plus hutang negara  t berbanggalah  pemindahan ibu kota  butuh biaya t gue  nyari apa sih urgensinya ditengah ekonomi  lemah,-1
 kata kalangan pengusaha terkait pemindahan ibu kota  kaltim,0
membaca data calon ibu kota presiden jokowi baru  menyampaikan wacana pemindahan menuju provinsi kalimantan timur  wilayah  diajukan  kabupaten kutai kartanegara  kabupaten penajam,0
terkait pemindahan ibu kota mardani pks pemerintah  segera ajukan undang undang,0
apbn  membiayai pemindahan ibu kota  kalimantan timur sebesar rp triliun   total anggaran  dibutuhkan,1
masyarakat gunung mas diminta hormati keputusan pemindahan ibu kota,1
inilah alasan pemindahan ibu kota baru  oenajam pasir utara  kutai kartenegara pic twitter com trcmr xw m,0
mohon dikaji  kabid mitigasi gempa  tsunami bmkg daryono mengatakan perencanaan pemindahan ibu kota baru  direncanakan  matang kondisi geografis  kalimantan berdasarkan data bmkg ditemukan pernah terjadi gempa  tsunami pic twitter com kyctlvhezo,-1
pak presiden  d kaji dulu pemindahan ibu kota  rakyat   banyak miskin pengangguran d mana mana,-1
sejalan  proses pemindahan ibu kota bmkg   menyiapkan rencana penambahan sensor gempa  pulau kalimantan,1
pemindahan ibu kota  menguntungkan ekonomi  signifikan,-1
pemindahan ibu kota cuma pengalihan isu haha,-1
bambang mengatakan kajian pemindahan ibu kota,0
soal pemindahan ibu kota pengamat berikan  catatan,0
pingin samyang malem karna kelewat emois sama pemindahan ibu kota  pemblokiran internet papua,-1
apa  menjadi keberatan kalangan dpr  rencana pemindahan ibu kota  pembahasan ruu ibu kota baru  berjalan mulus  dpr nonton pembahasannya  pkl wib live streaming pic twitter com qfl tysvwm,0
seberapa urgensinya pemindahan ibu kota,0
jokowi  memutuskan pemindahan ibu kota bakal menelan dana hingga rp triliun,1
gerindra dukung pemindahan ibu kota  wakil ketua komisi ii dpr   mengat,1
alih alih persoalan papua  usai makin kesini makin memanas sontak pemerintah memutuskan pemindahan ibu kota,-1
pak f  rekomendasikan tempat yg  menampung orang disana perihal event  kantor sy terkait pemindahan ibu kota terima kasih,0
 sejumlah negara pemindahan ibu kota  semulus  dibayangkan,-1
gerindra eksekutif jangan sepihak putuskan pindah ibu kota  sisi kemampuan pembiayaan pemindahan ibukota  membutuhkan dana  besar hampir rp triliun pertanyaannya uangnya         defisit anggaran,-1
 pemindahan ibu kota   biaya   biayanya bagaimana  dipakai  membayar hutang ln indonesia  kalau ibu kota pindah  kalimantan  berdampak pengutangan wilayah hijau  indonesia  jakarta mau  ubah menjadi hutan,-1
gerindra dukung pemindahan ibu kota  wakil ketua komisi ii dpr   mengatakan pemindahan ibu kota bukan perkara  mudah   pemerintah  mempertimbangkan kemampuan keuangan negara,-1
jadi udah sah   obrolan warkop pemindahan ibu kota tuh sih,0
masyarakat kalimantan timur dipastikan menerima pemindahan ibu kota pic twitter com pd yqiph,1
pemindahan ibu kota  menafikan masalah lingkungan  dihadapi jakarta  kalimantan   menjadi perhatian utama presiden  dipulihkan  izin tambang  calon ibu kota baru,1
oalah publik  baca kajian mendalam bappenas terkait pemindahan ibu kota  mana ,0
studi mendalam naskah akademis pemindahan ibu kota  diakses   kampus perlu tauu,0
tahap awal pemindahan ibu kota dimulai tahun,1
ketua dpr dukung pemindahan ibu kota  kaltim,1
presiden joko widodo menyampaikan kebutuhan biaya pemindahan ibu kota mencapai rp triliun kebutuhan biaya tersebut  persen  dipenuhi  apbn,1
pdip  komisi xi pemindahan ibu kota pernah dibicarakan lewat net,0
pemimpin buat keputusan pemindahan ibu kota   banyak pertimbangan  udah konsultasi  penasihat keuangan ahli lingkungan hidup ahli pembangunan kota mempertimbangkan kritik  saran analisis   banyak bgt jadi jangan bacot ngegas dulu,1
anies pastikan pemindahan ibu kota tak ganggu pembangunan jakarta pic twitter com jhzladgnu,1
 cari thread  pemindahan ibu kota,0
setuju gak setuju sih soalnya kayak  bbrp yg perlu dikorbankan gitu kan pemindahan ibu kota  gak  merta semua bakal pindah  sana  bakal banyak efeknya  sih ,0
   dasar hukum  pemindahan ibu kota negara pic twitter com omjzc ytrd,0
maksudnya  pengumuman presiden tadi jelas   menyurat  dpr ri  pengajuan pindah ibu kota  presiden sendiri sadar kalau pemindahan ibu kota  persetujuan anggota dpr ri jadi masalahnya  mana  lucunya  mana,1
pemindahan ibu kota  dilaksanakan  memperhatikan lingkungan hidup prinsip sustainable finance and development  dikedepankan jangan terlalu fokus  pembangunan kota  mengorbankan lingkungan hidup,-1
pemindahan ibu kota  sebenarnya buat wujudin cita pendukung pak prabowo semasa pilpres dulu  akhirnya yg dulu   gmaps istana negara kertanegara bakal kesampean  istana kutai kartanegara beda dikit gpp  mirip selamat  pak jokowi  pak prabowo,1
digagas sejak era soekarno presiden jokowi menjelaskan alasan perlunya pemindahan ibu kota negara,1
mantap selamat atas pemindahan ibu kota negara republik indonesia,1
pemindahan ibu kota menjadi   paling menarik  diperbincangkan  satu minggu   lebih akun  membicarakan soal pemindahan ibu kota rustika herlambang pic twitter com bpkiowuzx,0
pertimbangan sayyida ali luar biasa menunjukkan kecerdasan  kebangsawanan beliau kalau kasus pemindahan ibu kota skrg menunjukkan  yg sebaliknya jauh  sayyidina ali allahu alam,-1
jawapan kalian paling jg isu pemindahan ibu kota bkn ad  rezim  dr dl iya emang betul tp lihat kondisi keadilan sosial bg slrh rakyt indonsia jungkir balik anggaran g ad kalau mengharapkn semua hutang untk mbangun  lbh pintar,-1
 sibuk  pemindahan ibu kota  aku b aja reaksinya positivisme aja dah sama pemerintah,0
 keputusan pemindahan ibu kota   era pak jkw   mesti diselesaikan  era pak jokowi mengingat  besarnya skalanya  semua aspek insya allah  memulai   kalah kebesarannya   melanjutkan  menyelesaikan,1
ekonom sebut pemindahan ibu kota tak kuat dongkrak ekonomi,-1
presiden jokowi surati dpr soal pemindahan ibu kota negara pic twitter com n iqpvwiy,0
kesimpulan  data kajian  kementrian  badan  dibuka  presiden mengumumkan pemindahan ibu kota,-1
mewawancarai  kepala daerah  sepenjuru kaltim selepas presiden jokowi menetapkan lokasi ibu kota negara  petinggi bumi etam  bersyukur terselip harapan besar  balik pemindahan pusat pemerintahan selengkapnya ketuk pic twitter com lkvxjids,1
mungkinkah pemindahan ibu kota dilakukan  adil simak tulisan  kawan kawan berikut,0
pemindahan ibu kota  jakarta  kalimantan timur perlu memenuhi syarat formal   sisi legalitas  anggaran,-1
soal pemindahan ibu kota asli gue   ngerti plus minusnya    rekomendasi artikel panjang  comprehensif soal ,0
bener  klo cm paparan    file ppt  emang gak layak jadi alasan pemindahan ibu kota,-1
jokowi sebut strategi baru diperlukan termasuk buat regulasi,1
 uu dituntaskan  pemindahan ibu kota diumumkan,-1
 baru tau pemindahan ibu kota negara  kaltim  karenakan  habis masa kontrak nya  dki,-1
ekonom ui pemindahan ibu kota  menguntungkan ekonomi  signifikan,-1
ekonom indef fadhil hasan  melihat cara pandangnya   pemindahan ibu kota   menciptakan trigger  perekonomian memberikan multiplier effect  daerah daerah  pic twitter com fssgvwi vt,1
digagas sejak era soekarno presiden jokowi menjelaskan alasan perlunya pemindahan ibu kota negara,1
twittizen sahred alasan pemindahan ibu kota  beban jakarta  terlalu berat pic twitter com uodlnl z,1
gdn alasan pemindahan ibu kota  beban jakarta  terlalu berat pic twitter com cijofd rjr,1
suara bogor shared alasan pemindahan ibu kota  beban jakarta  terlalu berat pic twitter com kzu hi vy,1
cuma kepikiran apa pengumuman pemindahan ibu kota  sbg bentuk pengalihan isu  kekerasan pemblokiran internet  papua,0
telkomsel pemindahan ibu kota momen pas pemerataan jaringan telekomunikasi,1
 amali pembahasan undang undang soal pemindahan ibu kota   terkait  pemerintahan  lintas sektor,0
alasan sy  setuju  pemerintah  mampu menjelaskan alasan utama pemindahan ibu kota  sisi   banyak masalah yg lebih penting yg   selesaikan  pemerintah,-1
selamat petang sobatani presiden republik indonesia ir joko widodo menjelaskan  konteks pemindahan ibu kota  pemerataan ekonomi  seluruh pulau  indonesia    mendorong,1
bro pemindahan ibu kota  merupakan anugerah  presiden selanjutnya  pembangunannya dikhabarkan memakan waktu thn  mulai pembangunannya diawal thn,1
beban berat bkn  jakarta sj pemindahan bukan solusi  berbagai masalah  ibu kota,-1
menabrak undang undang republik indonesia nomor tahun ttg pemindahan ibu kota negara   dilakukan  presiden   mendapat persetujuan dpr ubah  revisi dulu uu no tahun baru putuskan ,-1
aspek hukum pemindahan ibu kota  jelas  diumumkan,-1
 hingga mendatang pemindahan ibu kota  fokus  pembangunan kawasan inti pusat pemerintahan  kawasan prioritas  pembangunan gedung pemerintahan jalan infrastruktur penunjang lainnya tahun ditargetkan  pindah ibu kota pic twitter com a q mebchm,1
pemindahan ibu kota  melewati beberapa kajian termasuk meninjau  lokasi  sering disebut  menjadi calon ibu kota baru  penajam paser utara  kutai kartanegara,1
polri tak keberatan pemindahan ibu kota  kalimantan timur,1
tak disangka pemindahan ibu kota membutuhkan dana sebesar rp triliun kata jokowi persennya berasal  apbn,-1
pemerintah segera siapkan ruu pemindahan ibu kota  kaltim,1
segitu banyaknya permasalahan  indonesia knp fokusnya  pemindahan ibu kota ,-1
pemindahan ibu kota bukan hak perogatif presiden,-1
pemindahan ibu kota membutuhkan waktu lebih  satu tahun,1
habis wacana pemindahan ibu kota barulah penyelesaian masalah  papua semoga papua  pulih  bangkit ,1
agree with kang emil sehat badannya  finansial keuangan negara  arsitek indonesia jadi gubernur jabar kritik putusan jokowi soal pemindahan ibu kota,0
dana pemindahan ibu kota  berasal  apbn dianggap  investasi   memicu dunia usaha  ikut membantu pendanaan pemindahan ibu kota,1
terkait pemindahan ibu kota ridwan kamil pemborosan lahan,-1
aku kira pemindahan ibu kota    menjadi wacana  anaknya gak percayaan soalnya,-1
dpr ri pemindahan ibu kota  perhatikan kelestarian lingkungan pic twitter com rcieb e p,0
kapan hti fpi dipindahkan  alam kubur semoga pemindahan ibu kota  kaltim bukanlah  terlalu bising mendengar kegaduhan atas nama agama  ketidak mampuan memberantas radikalisme rasialisme intoleransi  pulau jawa,-1
goodbye dki goodbye jkt mohon bantuan bu  menenggelamkan jkt  selesai pemindahan ibu kota  sekalian sama gabenernya ekspresi anies  jokowi putuskan ibu kota pindah  kaltim,0
bersyukur udah pernah  penajam jauh   keputusan pemindahan ibu kota udah paling bener emang biar  pemerataan pembangunan akhirnya jalan tol  kota  semakin lancar ahay,1
pemindahan ibu kota baru  berdampak positive  permintaan tenaga kerja bary namnya ibu kota baru perusahan besar  pindah kesana    langsung perusahan  membutuhkan teenaga kerja,1
pindah  kaltim anggaran rp triliun pemindahan ibu kota ri bukan cuma  apbn begini skemanya,1
pemindahan ibu kota telan biaya rp triliun duitnya  mana,-1
semoga alam  yg  kalimantan  terganggu   aktivitas keserahkahan manusia semoga  pemindahan ibu kota  kaltim  meganggu  merusak alam  yg   sana teruntuk indonesiaku semoga menjadi lebih baik  terus baik,1
 khalifah ali bin abi thalib memindahkan ibu kota negara politik kekuasaan  kota nabi  suci sungguh tak terbayangkan pemindahan ibu kota  kota suci nabi  wilayah  cukup jauh  kufah irak sekarang prof,0
anggota dpr ri daerah pemilihan kalimantan timur kaltim hetifah sjaifudian mengingatkan beberapa   pemerintah  proses pemindahan ibu kota sukses,0
jokowi  menyerah surat rencana pemindahan ibu kota  dpr,0
kalau ga sekarang kapan  kalau nunggu anak gunung krakatau meletus  silahkan sih emang banyak kepentingan org yg ga mau pindahkan ibu kota aku sih dukung pemindahan ibukota jd ga semrawut,1
pak apa sebaiknya gak voting  sama rakyat indonesia kaya pemilu gitu  sebagian besar warga kurang setuju adanya pemindahan ibu kota  pak jadi kan biar adil ,-1
pemindahan ibu kota  mengurangi kemacetan   keluhkan rakyat  memindahkan pejabat  mengeluh macet  membiarkan rakyat cc,0
semoga  penetapan pemindahan ibu kota negara  kaltim gubernurnya tdk bikin keputusan pernyataan yg kontroversi ky kemarin amen,1
pemindahan ibu kota tandanya lari  tanggung jawab,-1
sangat wajar lah asn keberatan  pemindahan ibu kota wajar  punya keluarga  kehidupan disana resiko kerja thats enough,-1
provinsi kalimantan timur akhirnya dipilih  lokasi ibu kota negara  baru tepatnya   kabupaten  kutai kartanegara  penajam paser utara presiden menyatakan pemindahan   melalui kajian  matang pic twitter com t tdnqcbtd,1
terus  pemindahan ibukota  kalimantan gmn nih min semoga hutan kalimantan baik baik   jadi ibu kota,1
tuh kan bani kampret ribut pemindahan ibu kota baru diawal dimulai pembangunannya  bupati penajan pembangunannya memakan waktu tahun jadi yg terima enak nya  presiden selanjutnya pak jokowi    menikmati duduk dikursi ibu kota baru,1
konferensi pers presiden joko widodo  pemindahan ibu kota  istana negara jakarta senin siang,0
  menyoroti statement   dipindahkannya ibukota negara  tengah tengah negara  terjadi pemerataan pembangunan  statement  dicantumkan kedalam alasan pemindahan ibu kota apa kata washington dc,1
pemindahan ibu kota menguntungkan elit politik  pebisnis mengorbankan rakyat pic twitter com sfkrncjqc,-1
pemindahan ibu kota  keadaan ekonomi rakyat sedang  baik baik   bentuk tindakan ketidakpedulian pemerintah  kesejahteraan finansial masyarakat,-1
hi kate biaya pemindahan ibu kota  lebih murah  biaya  diminta  memperbaiki jakarta and also it s the first step to change our mindset to be not javacentric so i believe it s a worth expense to spend indonesia should no longer have javacentric mindset,1
sebegitu urgent  mendesakkah pemindahan ibu kota  ayolah  banyak persoalan  yg lebih penting,-1
jangan  isu pemborosan negara terkait wacana pemindahan ibu kota luas lahan  digunakan  mendapat saran  beberapa pihak terkait lahan  digunakan  sesuai  proses pemetaan  dibutuhkan dasar hukum  berlaku,-1
 dibilang pemerintah cari aman  pemindahan ibu kota   rawan bencana tentunya  minim risiko pendemo  kericuhan  massa  banyak tp   dibilang  bonus pindah  jawa  padat ,1
jokowi  biaya pemindahan ibu kota gunakan apbn,1
jokowi  biaya pemindahan ibu kota gunakan apbn,1
lho dpr  menerima naskah akademis pemerintah soal pemindahan ibu kota,0
 kadis pertikaian  pertengkaran dki penolakan pemindahan ibu kota berpotensi menciptakan pertikaian  pertengkaran baru   bagus,-1
 esemka  hutang  banyak  sekarang bicara pemindahan ibu kota pic twitter com dhau zrdi,-1
 terima surat kajian  presiden jokowi dpr tunggu naskah akademik pemindahan ibu kota pic twitter com bb aktsjdo,0
 dilihat  alasan pemindahan ibu kota pulau jawa    menampung  pertumbuhan penduduk yg pesat  beban kepadatan penduduk   sangat padat  disisi  pemindahan ibu kota  mendorong tumbuhnya perekonomian kawasan timur,1
apa   yg merasa isu pemindahan ibu kota  ndak jauh  sekedar ngeprank jgn berharap berlebihan dgn  yg blm sampoerna,-1
setuju setuju  datuk cuman   hangat  menyangkut hajat hidup rakyat   anggaran pemindahan ibu kota negara  capim kpk  polemik banser,-1
pkb siap dukung konsekuensi pemindahan ibu kota,1
pak presiden pemindahan ibu kota jgn  menggerus anggaran yg lainnya terutama anggaran beasiswa kuota jgn  dikurangi,-1
pemindahan ibu kota  kaltim merupakan langkah strategis  dilakukan  pemerintah pertama jakarta  difokuskan  kawasan bisnis kemungkinan  perwakilan pemerintah  sana  kerangka laissez faire    pas,1
diskusinya geser aja gak menarik bahas pemindahan ibu kota negara lebih produktif bicara langkah penangan papua,-1
pemindahan ibu kota negara  kalimantan timur membuat pt hutama karya persero optimistis  adanya peluang peluang proyek   dikerjakan  depannya,1
pemindahan ibu kota  salah satu jalan memecahkan masalah yg  sangat berat  tanggung jakarta  jawa  jakarta susah sangat padat penduduk  masalahnya  sangat rumit  saatnya  memecahkan masalah  akarnya,1
ridwan kamil dukung pemindahan ibu kota indonesia,1
catatan prabowo soal pemindahan ibu kota  kutai kertanegara  penajam paser utara,1
pemerintah targetkan pemindahan ibu kota dimulai,1
digagas sejak era soekarno presiden jokowi jelaskan alasan perlunya pemindahan ibu kota negara jpnews,1
jagan dikit jokowi masalah apa jokowi jokowi sekarang lg fokus  urusan pemindahan ibu kota jagan menyesal  memilih jokowi kemarin  terpilih   lah terima   aja sih,1
kadin ajak dunia usaha dukung pemindahan ibu kota  kaltim,1
politikus pks mardani ali sera mengingatkan presiden jokowi  pemindahan ibu kota bukan urusan pemerintah    dpr,0
setuju dg pemindahan ibu kota baru kota bisnis  kota pemerintahan memang   pisah  elit  bekerja maximal buat indonesia jaya  rhoma irama jelas  setuju krn musti merivisi lirik lagunya,1
sbnar nya tak maslah dgn pemindahan ibu kota baik  mau pindah sekali tahun  sekali berapa tahunpun dgn alasan pemerataan pembngunan ekonomi  sbg nya asal dana pemindahan ibukota   membebankan  masyarakat  jangka panjang  nya,1
sy berkeyakinan   jkw berkuasa pemindahan ibu kota  panajam kaltim tdk  realisasi fisik yg signifikan  lapangan,-1
kepala bappenas pemindahan ibu kota paling lambat via,1
gak  yg sia sia minimal   belajar  nya  pemindahan ibu kota   belajar,1
dpr terima surat pemindahan ibu kota besok dibawa  paripurna,0
sebuah perbedaan komentar followers jktinfo kiri folkative kanan ttg pemindahan ibu kota pic twitter com kd ml catn,0
pemindahan ibu kota negara dipandang     sangat mendesak dki jakarta kata presiden  menanggung banyak beban  teramat berat pic twitter com xnbvpcx d,1
mantap bpk jokowi semoga cepat  realisasikan pembangunannya  proses pemindahan makin cepat  pusat pemerintahan  ibu kota baru segera dilaksanakan sehat selalu  bpk jokowi  seluruh aparaturnya,1
  disampaikan  presiden  menyampaikan keterangan pers soal pemindahan ibu kota  istana negara  senin agustus pic twitter com asgygxkdqu,0
warga perbatasan sambut gembira pemindahan ibu kota negara pic twitter com d wfhuiul,1
ibu kota pemerintah hutan lindung kaltim tak  terganggu# baca berita terkini  dapatkan uang ayo download baca plus  isi kode invite ku f mfaclyge  klik  sini,1
bener bgt  cuma masalah siapa yg mimpin gak  faedah yg besar  pemindahan ibu kota,-1
kadin minta pengusaha dukung pemindahan ibu kota  kaltim,1
catatan  prabowo  jokowi soal pemindahan ibu kota,0
pemindahan ibu kota waskita toll road bakal diuntungkan  pic twitter com juqav wxm,0
mendukung  harapan susy susanti atas pemindahan ibu kota,1
berita pagi  msh tntang papua dmn pemerintah   mengidentifikasi problem papua disatu sisi pak presiden  pembantunya msih sibuk dgn pemindahan ibu kota,-1
setuju om cuma kalau tdk sekarang kapan  sejak zaman pak karno wacana pemindahan ibu kota bergulir   semua tdk berani resiko menunggu lahirnya pemimpin besar macam jokowi    rakyat indonesia selayaknya apresiasi langkah berani jokowi,1
      dibahas pak presiden bukan pemindahan ibu kota negara rakyatmu sedang menangis woiiii,-1
pemindahan ibu kota bukan prioritas utama     yakini pak jokowi tau   lima tahun pemerintahannya  depan   pembangunan phisik sarana  prasarana  prosentase  sangat minim lalu apa  menjadi tujuan utama hanyalah nama dlm sejarah,-1
   perlu diketahui soal pemindahan ibu kota,0
pemerintah tunggu hasil kajian  buat ruu ibu kota baru  kemungkinan yg terjadi thd rencana pemindahan ibu kota  memacu menggairahkan pertumbuhan ekonomi nasional  sebaliknya kehancuran ekonomi nasional negarabutuh supervisi  ketat,0
ruarrrrr biasa mega project nih  infrastruktur jangan lupa cicilan hutang bunga   selesai  waktu tahun jokowi biaya pemindahan ibu kota capai rp triliun bisnis,-1
surya paloh pemindahan ibu kota cerminkan keberanian pemerintahan jokowi,1
randa shared pemindahan ibu kota diharap didukung sarana olahraga pic twitter com n hbllpwrw,1
twittizen shared pemindahan ibu kota diharap didukung sarana olahraga pic twitter com jgd iqp t,1
pemindahan ibu kota diharap didukung sarana olahraga pic twitter com razcafem,1
pemindahan ibu kota butuh waktu panjang pic twitter com fxpevqg o,0
 lihat aja  pemindahan ibu kota  seijin parlemen maunya apa dpr dianggap sampah manfaat langsung kpd penduduk setemoat   curiga ibu kota  menjadi bagian  missi negara tertentu pembangunan dibiaya  dana utang masuk akal,-1
ibu kota negara  kaltim bupati abdul gafur mas ud  majukan indonesia tengah  timur pemindahan ikn  kalimantan sebuah perwujudan sila  pancasila  keadilan sosial  seluruh rakyat indonesia,1
pemerintah terus berusaha  menangani konflik    papua  rencana pemindahan ibu kota bukanlah wacana baru     rencanakan  matang  beberapa tahun  lalu   dukung penyelesaian masalah  negeri   stop provokasi  hoax,1
tolak pemindahan ibu kota portal islam,-1
pemindahan ibu kota telan biaya rp triliun duitnya  mana,-1
pemindahan ibu kota   mempengaruhi ekonomi rakyat pak presiden rakyat indonesia aja  banyak yg ekonomi nya dibawah garis kemiskinan pak,-1
dpr  menerima surat perihal pemindahan ibu kota  presiden jokowi hari  dpr  menggelar rapat paripurna  agenda pembacaan surat tersebut,0
antisipasi resesi apindo ingatkan soal waktu pemindahan ibu kota,1
  pulau kalimantan  sebut paru paru dunia  adanya rencana pemindahan ibu  kota  sungguh mengkhawatirkan kelestarian alam disana jendral semoga ibu gak jadi pindah mirip nasib esemka,-1
warga jakarta paling terdampak  pemindahan ibu kota,-1
paling    menjawab kebimbangan hamba  saking banyaknya rumor  informasi liar  beredar terkait pemindahan ibu kota    mendengarkan informasi  berita   jelas asal usul  kepentingannya lebih baik  dengar langsung info a nya,0
anak buah prabowo anggap pemindahan ibu kota keputusan gegabah,-1
anggaran  pemindahan ibu kota negara  t gubenur dki mengajukan anggara t kira kira anis mau membangun apa   jakartah pemindahan ibu kota ri butuh rp t  mana dananya,-1
august at am akhirnya presiden jokowi widodo angkat bicara soal rencana pemindahan ibu kota ri  jakarta  kalimantan timur  lokasi ibu kota  baru misteri lokasi breaking news jokowi memutuskan ibu kota ri pindah ,0
 gua sih pemindahan ibu kota negara gak jauh  persoalan proyek,-1
pindah ibu kota pemerintah berharap paling lambat pemindahan  dilakukan pic twitter com qrnalj hn,1
seandainya anggaran pemindahan ibu kota dialokasikan  modal home industri  yakin generasi milenial bakal kaya raya   dikatakan miskin   pengusaha tetangga,-1
mohon pak memerintahkan  membuka informasi publik lengkap pertimbangan  kajian mengenai rencana pemindahan ibu kota rakyat perlu tahu alasan  berpartisipasi mengkritisi kebijakan   punya dampak luas  strategis  pemindahan ibu kota ,0
masyarakat kalimantan timur dipastikan menerima pemindahan ibu kota pic twitter com ysraxpgk j,1
pemerintah   mensosialisasikan  rakyat apa keuntungan pemindahan ibu kota  apa kerugian bila ibu kota  pindah,-1
mana janji bapa waktu kampanye  pertimbangkan  pemindahan ibu kota negara  sedang krisis  uangan perhatikan masyarakat pa triliun  ibu kota baru tp masyarakat sengsara sungguh ironi pa semoga allah melapangkan hati bapa,-1
bapa  punya anak  cucu kalimantan  paru paru dunia   rusak rusak lah semua  pertimbangkan  pa masyarakat tdk butuh pemindahan ibu kota masyarkatt  bautuh  sejahtraan pemindahan ibu kota    konsumsi elit negara bkn masyarakat,-1
bapa presiden joko widodo yg terhormat masyarakat tkd perlu pemindahan ibu kota masyarakat cmn butuh  sejahtraan brp triliun anggran  membangun ibu kota baru semtara mash banya wagra  masyarkat bapa  indonesia yh kesusahan  pa dmn hati nurani bapa,-1
pemindahan ibu kota the greatest hoax in history pic twitter com neiexh esq,0
pemindahan ibu kota   siapa,0
prabowo setuju pemindahan ibu kota  catatan,1
pengen tau gimana ekspresi pak basuki usai keputusan pemindahan ibu kota,0
banyak yg kelejotan atas pemindahan ibu kota terutama bsh prabsky bahkan  akun aceh yg  melakukan cuwitan mengarah provokasi pembentukan negara sumatra joss lah kuy jatim bali ntb jadi negara sendiri,-1
breaking news presiden jokowi resmi umumkan kalimantan timur jadi lokasi pemindahan ibu kota baru tribun manado august at am,1
dampak rencana pemindahan ibu kota  mulai terasa  indonesia timur,-1
ekonom ui pemindahan ibu kota  menguntungkan ekonomi  signifikan,-1
model baru cara lama menghindari tanggungjawab sherly annavita pemindahan ibu kota bukti kegagalan jokowi viva,-1
august at am akhirnya presiden jokowi widodo angkat bicara soal rencana pemindahan ibu kota ri  jakarta  kalimantan timur  lokasi ibu kota  baru misteri lokasi breaking news jokowi memutuskan ibu kota ri pindah ,0
jadi mikir ibu kota pindah k kaltim jakarta nantinya bkl cuma jd provonsi distrik bisnis pusat perekonomian lah jkt kayaknya bakal ttp aja sama padet macetnya dong    stlh ibukota dipindah  pemindahan ibukota bener seftuit solusi yg efektif,-1
pemindahan ibu kota  pemerataan pembangunan yakin  matangkah persiapannya urgent  pemindahan  masalah kebakaran hutan  kalimantan   diatasi  baik masalah  saudara   papua  bagaimana,-1
dunia  wolak walik   politisi bro gk usah terlalu percaya ocehannya  tolak ibu kota pindah  jakarta ngotot mendukung pemindahan ibu kota,-1
pemindahan ibu kota bukti jokowi seorang pemimpin  mau keluar  zona nyaman,1
perlu  kaji  dech pemindahan ibu kota  kaltim liat aspek eknomi pertahanan keamanan lingkungan iklim cuaca sya lebih setuju dg pemikiran nya bung karno ibu kota negara  kalimantan tengan at sulawesi selatan,-1
bamsoet pemindahan ibu kota tak berarti jakarta diabaikan,1
pemindahan ibu kota  solusinya pigimana,-1
dukung pemindahan ibu kota psi jakarta  tak layak,1
pindah ibu kota paling lambat pemindahan  dilakukan,1
pemerintah diminta membentuk badan khusus menangani pemindahan ibu kota,0
anggota komisi v dpr ri  fraksi pan intan fauzi menyarankan kebijakan pemindahan ibu kota negara  terlalu membebankan anggaran negara,-1
konglomerat  balik pemindahan ibu kota deal dealan sejak pilpres,0
ketua umum pdi perjuangan megawati soekarnoputri  menyampaikan pandangannya terkait pemindahan ibu kota  kalimantan timur  nasib kota jakarta,0
soal ibu kota   pindah pks semoga kasusnya   mobil esemka    suhud menekankan pemerintah  lebih mematangkan  benar serius apabila  mewujudkan rencana pemindahan ibu kota  kalimantan timur,1
pemindahan ibu kota negara pernah dicetuskan tokoh pki republikri,0
bicara pemindahan ibu kota  saran  masukan ketua umum pdi perjuangan megawati soekarnoputri,0
pemindahan ibu kota dinilai  lari  masalah pic twitter com nkieadxrb,-1
ketua umum pdi perjuangan megawati soekarnoputri  menyampaikan pandangannya terkait pemindahan ibu kota  kalimantan timur  nasib kota jakarta,0
 balik pesimisme fadli zon terdapat harapan besar  pemindahan ibu kota,1
bicara pemindahan ibu kota  saran  masukan ketua umum pdi perjuangan megawati soekarnoputri,0
partai gerindra mendukung langkah pemerintah memindahkan ibu kota negara  gerindra memberi catatan anggaran pemindahan ibu kota sebaiknya menggunakan dana apbn sepenuhnya  melibatkan pihak swasta pic twitter com gueqldpzyg,0
masalah pemindahan ibu kota dibikin rumit masalah rektor asing jadi bahan olahan hmmm kayaknya  minta kue semua nih,-1
meski dukung pemindahan ibu kota  kalimantan anggota dpr ri asal pati beri catatan ,0
konglomerat  balik pemindahan ibu kota deal dealan sejak pilpres via,1
gw yakin  pns yg gak milih jokowi  pilpres kemaren krn kl ygilih jokowi bahkan yg bkn pns sekalipun gw yakin setuju dgn pemindahan ibu kota  ,1
bamsoet dpr tunggu ruu pemindahan ibu kota,0
pemindahan ibu kota bukti pemerintah tak becus bekerja,-1
pemindahan ibu kota bukti pemerintah tak becus bekerja,-1
fadli zon khawatir pemindahan ibu kota berakhir  mobil esemka pic twitter com pkgqfugwif,1
ketua fraksi golkar dpr ri melchias marcus mekeng meyampaikan  pemerintah   membangun ibu kota baru  adanya undangan undang mengenai pemindahan ibu kota selengkapnya pic twitter com iazrc lp,-1
masyarakat kabupaten mendukung pemindahan ibu kota pic twitter com de jictwir,1
nah lho papua sedang bergejolak demo  mana diem diem baeee ketimbang pemindahan ibu kota jokowi  fokus beri keadilan  papua,-1
 simak yuk skema pembiayaan pemindahan ibu kota ayo  cermati  bijak  pic twitter com bwjbt y a,-1
pemindahan ibu kota masyarakat dayak bersyukur,1
draft ruu pemindahan ibu kota bakal diberikan akhir tahun  dpr,0
draft ruu pemindahan ibu kota bakal diberikan akhir tahun  dpr pemerintah baka,0
maksudnya  tangan ahok jakarta  punya harapan  diperbaiki  rencana pemindahan ibu kota  ditunda entah kapan  ternyata pengganti ahok sama sekali tak  diharapkan  rencana pemindahan ibu kota perlu segera dilakukan,1
pengamat komunikasi politik  universitas indonesia ari junaedi optimistis proses pembangunan ibu kota negara  baru bakal rampung sesuai rencana,1
 diharapkan  pemindahan ibu kota baru  membuat sejarah baru  indonesia  perubahan  lebih baik   kerajaan kutai dulu  berdaulat,1
dpr tunggu ruu soal pemindahan ibu kota pic twitter com ihstnalq k,0
desain ibu kota baru mulai dibahas,0
lho bukannya nt bilang pemindahan ibu kota gak bakalan jadi kenyataan fadly,1
yakin pemindahan ibu kota tuntas  masa jabatan jokowi berakhir pic twitter com rqq f r wo,1
jakarta sdh jadi ibukota puluhan tahun biaya revitalisasi yg diminta   t biaya u pemindahan ibu kota baru t kira kalo orang bungul pilih mana pian ibukota lama  baru knp sih gak suka  ibukota pindah  kaltim takut setoran upeti palakan hilang ,1
membahas soal pemindahan ibu kota sy fikir  perlu dipelintir samoai berjilid tinjauannya   sisi   mashlahat  madlorotnya sja  pembangunan tdak jawa sentris sy fikir pindah ibu kota tdak  membawa madlorot ketimbang mashalahat,1
berita populer ekonomi tanggapan ciputra residence soal pemindahan ibu kota  bagaimana peruntungan jalan tol jasa marga,0
quote meski  fadli zon mengatakan pemindahan ibu kota   batal  fraksi fraksi  dpr  sepakat  ujarnya   urusan   lebih mendesak  tahun tahun mendatang,-1
lahan ibu kota baru milik prabowo subianto tribunnews lahan ibu kota baru milik prabowo subianto tribunnews pengumuman pemindahan ibu kota baru  presiden jokowi  disampaikan melalu konferensi persi  istana negara jakarta  penuturan,0
istana bantah  deal jokowi prabowo  pemindahan ibu kota pic twitter com ivpu ewycw,0
presiden joko widodo tegaskan bhw pemindahan penyiapan ibu kota baru tdk  berkutat  kesiapan infrastruktur  banyak aspek  yg   dikaji  pemerintah dikonsultasikan dgn sejumlah pihak terkait  mengambil keputusan yth bpk,-1
konglomerat  balik pemindahan ibu kota deal dealan sejak pilpres,1
kemendagri pemindahan ibu kota  jaga budaya dayak,-1
pemindahan ibu kota berdasarkan kajian bukan kesepakatan  prabowo pic twitter com qzlitjynwh,1
pemindahan ibu kota berdasarkan kajian bukan kesepakatan  prabowo pic twitter com rhfpjqsoip,1
pemindahan ibu kota berdasarkan kajian bukan kesepakatan  prabowo pic twitter com cnax kopz,1
pindah  jonggol lebih realistis  kaltim jonggol memiliki infrastruktur  mudah jalan  lahan   bia digunakan  kebutuhan pemindahan ibu kota,-1
fadli zon usulkan bentuk pansus bahas pemindahan ibu kota,1
jokowi mengumumkan pemindahan ibu kota negara terletak  provinsi kalimantan timur  sebagian berada  kabupaten kutai kartanegara ibu kota baru pejabat dihimbau naik transportasi umum via,1
istana tegaskan pemindahan ibu kota berdasarkan kajian bukan kesepakatan  prabowo pic twitter com c gaje zz,1
fadli zon dorong bentuk pansus pemindahan ibu kota,1
jubir prabowo lahan  kaltim bukan milik pak prabowo  pak hashim,0
optimistis presiden jokowi  menuntaskan proyek pemindahan ibu kota negara  masa jabatannya berakhir,1
teriak lah kau  suaramu tak terdengar anjing menggonggong pemindahan ibu kota tetap lanjut sdh tdk  harapan   jkt,1
rapat kerja komisi xi dpr  menkeu menppn gub bi dk ojk  ka bps  agenda asumsi makro rapbn ketua komisi xi melchias markus mekeng menyarankan  pemerintah  memecah dana pemindahan ibu kota selengkapnya pic twitter com ogjfj zu,1
  semua y  bener bener  perhitungkan   terus  diskusikan lebih mendalam  terkait masalah pemindahan ibu kota  solusi y   duduk bareng  anggota dpr bener tuh kata jk,1
kemenkeu  cari cara  biayai pemindahan ibu kota republika online,1
pengamat nilai pemindahan ibu kota bukti pemerintah tak mampu selesaikan masalah  jakarta,-1
benar apa   katakan jk  pemindahan ibu kota haruslah melalui proses  panjang benar adanya tak  satu orang  yg punya kbijakan  memindahkan ibu kota  sepihak,1
wakil ketua dpr ri fadli zon mengusulkan dibentuk panitia khusus  membahas langkah langkah kebijakan pemindahan ibu kota negara,1
hampir t dana  dibutuhkan  memindahkan seberapa efektif pemindahan ibu kota  meretas kesenjangan pembangunan selengkapnya dibahas  uji laik ibu kota baru rabu live pkl wib  pic twitter com n kzhcmrzw,0
provokator fadli zon mengatakan pemindahan ibu kota  batal  dpr  sepakat   tetap  jakarta  tiba tiba  mati listrik  misalnya  lihat apa   omongin hari ,-1
fadli zon mobil esemka aja  jadi  pemindahan ibu kota,-1
pemindahan ibu kota negara menjadi sorotan dunia usaha pengusaha  menunggu nunggu landasan hukum pemindahan pusat administrasi pemerintahan tersebut,0
pemindahan ibu kota negara menjadi sorotan dunia usaha pengusaha  menunggu nunggu landasan hukum pemindahan pusat administrasi pemerintahan tersebut  aturan dikhawatirkan pemindahan ibu kota  batal sewaktu waktu,0
husnuzon dulu bener apa   katakan pak jk  pemindahan ibu kota menunggu  putusan dpr,1
groundbreaking dana awal pemindahan ibu kota rp miliar,0
 pemindahan ibu kota  jonggol  memakan biaya besar  proses perpindahan ibu kota  lebih mudah  jarak  ibu kota sebelumnya  terlalu jauh pic twitter com rosnqpwfzd,1
sabar  duitnya buat pemindahan ibu kota baru buat modal broo,-1
media media nasional lebih sibuk pemberitaan pemindahan ibu kota,0
 jls urgen diatasi malah brsh ditutupi dikesankan tdk masalah yg hrs diatasi diselesaikan cukup disikapi dgn himbauan  saling memaafkan seakan pemindahan ibu kota lbh urgen dilaksanakan  klu ibu kota  sgr dipindah kedaulatan nkri akn terancam,-1
gubernur jabar beri masukan soal pemindahan ibu kota pic twitter com malpr y h,1
makin galau aja kaum kamfret dg banyaknya dukungan atas pemindahan ibukota negara cukup mengalokasikan  devisa negara yg disumbang kaltim  pusat anggaran  memindahkan ibu kota negara   terpenuhi  bantuan siapa  cerdas,1
pemindahan ibu kota  utk gagah gagahan utk gengsi gengsian pd akhirnya ternyata  numpang nyewa kayak kontrakan gak kuat bayar diusir,-1
din syamsuddin meminta pemindahan ibu kota ditunda  persoalan papua  utang negara  mesti diselesaikan,-1
mantap penjelasannya m bak niken menarik  pembahasan potensi bencana  landasan hukum semoga penjelasan singkat  padat   dipahami  masyarakat   ragu  pentingnya pemindahan ibu kota nkri,1
pemindahan ibu kota negara baca membangun kota besar nan megah  pekerjaan investasi besar dgn memanfaatkan bumn  swasta  membangun roda ekonomi baru  tempat baru lahan tidur,1
fadli zon usulkan bentuk pansus bahas pemindahan ibu kota inilahkoran,1
bank mandiri membidik pertumbuhan kredit infrastruktur  pemindahan ibu kota,1
pemindahan ibu kota  kalimantan timur menjadi perhatian semua pihak  terkecuali bank buku iv  pt bank mandiri persero tbk,0
sungguh luar biasa ibu kota hanyalah via,1
keputusan pemindahan ibu kota  kaltim memiliki serentetan dampak lingkungan  sosial serius  menghabiskan biaya sangat tinggi  kajian  dilakukan serius  hati hati,1
fadli zon usul pembentukan pansus  membahas pemindahan ibu kota,1
kepala bappenas sebut lokasi ibu kota baru  berada  lahan gambut,1
fadli zon usul pembentukan pansus  membahas pemindahan ibu kota,1
 peramal fadli zon sebut pemindahan ibu kota bakal gagal,-1
 kepentingan negara china taipan  pemindahan ibu kota ri,-1
urusin aja terus pemindahan ibu kota ntar tau  papua udh  ibukota negara baru nahhhh baru dah kebuka tuh biji matanya,-1
kalau kamu gimana nih sahabat vidio salah satu  setuju  gak setuju nih  pemindahan ibu kota  kalimantan timur,0
pemindahan ibu kota  kalimantan sah sah  asal jangan balikan sama hatimantan,1
masyarakat dayak paser sambut baik pemindahan ibu kota pic twitter com sgcx  ho,1
dpr minta pemerintah jelaskan rinci rencana pemindahan ibu kota,0
 dpr tdk setuju dgn pemindahan ibu kota  kaltim tinggal tolak  dlm sidang pengesahan ruu ttg pemindahan ibu kota gitu aja kok repot pakai ngancam presiden segala biarlah wakil rakyat yg tentukan perlu  tdknya pindah ibu kota yg tdk setuju silahkan demo dpr,0
terpopuler nasional isi kritik ridwan kamil soal desain ibu kota baru  tanggapan megawati terkait pemindahan  kaltim,-1
bicara pemindahan ibu kota  saran  masukan ketua umum pdi perjuangan megawati soekarnoputri,0
habib aboe bakar alhabsyi menyebut pemindahan ibu kota pernah diusulkan tokoh pki pic twitter com bj mbh jsr,0
dpr  terima ruu pemindahan ibu kota,0
pemindahan ibu kota melahirkan masalah lingkungan  sosial,-1
 yg ngamuk krn dana pemindahan ibu kota   jenis manusia gagal  kehidupan  gagal otak gagal agama,1
point   kasih sama pak presiden  pemindahan  polusi  over penduduk  jakarta   jaminan bakal berkurang kalo ibu kota pindah  bakalan sama aja tuh point yg  sampaikan  jakarta tetep jadi pusat bisnis bahkan lebih parah,-1
surat kajian pemindahan ibu kota sprt naskah pengembang maklumlah disana keknya pr pengembang sdh ngebet jualan properti iklanpun sdh dibikin jadi siapa yg ngebet pengen pindah ibu kota,-1
  prinsipnya   masalah pemindahan ibu kota   prasyaratnya jelas waktu  timingnya  jelas    ekonomi   sekarang  tepat  memindahkan ibu kota,1
soal pemindahan ibu kota said didu sebut semua anggota dpr  boneka cukong,-1
konglomerat  balik pemindahan ibu kota deal dealan sejak pilpres,-1
pemindahan ibu kota  jakarta  kalimantan timur  tak lepas dijadikan guyonan  berbagai foto editan kocak  beredar  dunia maya,0
fadli zon dorong pembentukan pansus pemindahan ibu kota pic twitter com ygpeef j,1
lokasi sdh diumumkan  ym pres jokowi  lelang studi kelayakan teknis calon lokasi pemindahan ibu kota negara tahun anggaran baru  umumkan pemenang sept ttd kontrak oktober ajaib pic twitter com x ydzpnfn,1
pemindahan ibu kota  dijanjikan  mendorong pertumbuhan ekonomi sekaligus pemerataan pembangunan  luar jawa kini menemui titik terang  adanya pengumuman resmi perihal lokasi ibu kota ri  bapak presiden joko widodo,1
pemindahan ibu kota  dibahas sejak era presiden pertama memindahkan beban kepadatan penduduk  pulau jawa merupakan salah satu langkah strategis  menjadi latar belakang realisasi pencarian ibu kota baru  dirasa kian penting pic twitter com cs ozpph,1
skalanews fadli zon usulkan bentuk pansus bahas pemindahan ibu kota,1
sssttt proses pemindahan ibu kota anak durhaka loe jee pic twitter com no uxc eba,1
pemerintah tak perlu khawatir soal biaya pemindahan ibu kota,1
tanggapan kirana larasati soal pro kontra pemindahan ibu kota pic twitter com zsd d rwok,0
indonesia indicator mayoritas warganet menolak pemindahan ibu kota,-1
pemindahan ibu kota bukti pemerintah tak becus bekerja pic twitter com bs ecfbnba,-1
video tak  buru buru pemindahan ibu kota perlu persiapan matang  detail pic twitter com fs v p oof,-1
baru hari yg lalu pengumuman pemindahan ibu kota  jakarta  kaltim eh skarang udah mati listrik aja jakarta  mulai jadi kampung nih gais,1
 unik ibu kota baru  kaltim soal nama skenario pemindahan asn hingga luas kali jakarta,0
orang kok pd ribut ibu kota mau dipindah pemerintah kan lebih tahu dng semua  ngapain sandi mempertanyakan dana pemindahan ibu kota aneh ngapain lou mikir  sandi lou  siapa katanya mau pensiun  politik kok msh nyinyir malu donk,1
buat apa ngurusin papua pusing mending ngurusi pemindahan ibu kota jelas jelas bakal  keuntungan besar pura pura enggak tau ajalah,1
  catatan mahfud md  pemindahan ibu kota pic twitter com se mefja t,0
jd makin enak kan nyambungin biaya pemindahan ibu kota yg ratusan triliun pdhl publikasi kajian mendalamnya aja gaada seakan rakyat  disuruh nelan mentah tdk  proses deliberatifnya samasekali jd lbh urgent mana pindah ibukota  menangani kesehatan rakyat,-1
sangat sebandinglah coba bandingkan  anggaran  diajukan gub anis utk mbangun jakarta rp triliun lebih   pemindahan pembangunan  penataan ibu kota baru  rp an triliun gimana gak pertanyakan anggaran pembangunan dki jakarta lebih gede,1
  lah wajar melihat banyak anggota dpr kini marah    memiliki peluang  bermain   wacana pemindahan ibu kota,1
pemuda kaltim siap dilibatkan  proses pemindahan ibu kota,1
eksekusi pemindahan ibu kota baru jangan molor,1
hmmmmmm fadli zon pemindahan ibu kota tergesa gesa,-1
anggaran pemindahan ibu kota rp triliun dana revitalisasi dki jakarta rp triliun,0
 togog bin cebong  sibuk cari kesalahan gubernur indonesia   larut euforia pemindahan ibu kota ng peduli papua selangkah  selangkah menuju negara sendiri,-1
bisakah publik diberikan hasil kajian bukan asumsi ttg multiplier effects  pemindahan ibu kota  thdp beberapa  yg disebutkan   artikel  distribusi penduduk pulau jawa  luar jawa penurunan beban ekologis jawa  pemerataan ekonomi  luar jawa,0
pemerintah segera siapkan ruu pemindahan ibu kota baru https a f f pic twitter com aorhgu osh,0
wika siap dukung rencana pemindahan ibu kota baru,1
ibu kota baru  fadli rencana pemindahan ibu kota  kalimantan timur tersebut   waktu  tepat pemindahan ibu kota dilaksanakan  masalah dasar  indonesia   tuntas,-1
sudut pandang beda pikiran iya emang gitu bolehlah  jadi pemindahan pusat pemerintahan  memajukan negri  scr luas dn jkt tak prl galau tdk jd ibu kota tdk apa msh jd bp kota p dahlan iskan berbagi pengalaman dg baik,1
presiden kelima ri megawati soekarnoputri mengharapkan keputusan presiden jokowi ihwal pemindahan ibu kota  kalimantan timur benar benar  perencanaan  matang rencana    mempertimbangkan kesinambungan pembangunan jangka panjang,1
legislator ragu uu pemindahan ibu kota selesai masa periode dpr,0
wakil presiden jusuf kalla  jk mengatakan pemindahan ibu kota pemerintahan  jakarta  kalimantan timur  memerlukan proses panjang  presiden joko widodo mengumumkan lokasinya  resmi kemarin,0
betuk kata pak amin rais papua merdeka tinggal tunggu sidang umum pbb  bulan maret presidennya  sibuk buang issu pemindahan ibu kota negara ri yaa ampuuun hancur berantakan negeri ,-1
ibu kota pindah kepala bappenas asn  tinggal  apartemen,1
intan   terkait pemindahan ibu kota  menjadi masalah sepanjang mengikuti peraturan perundang undangan kalo  ditentukan lokasi  alokasi dana berarti  adanya pengkajiannya berada ,1
iya  kalo ahok jadi gubernur  pulau reklamasi   jadi ngga  tuh pemindahan ibu kota,1
utang  cukup besar mau nambah utang    pemindahan ibu kota ekonomi  pastikan  bertumbuh   niat yg   memasukan banyak lg investor dr asing  segelintiran kepentingan pribadi,-1
pemindahan ibu kota negara pernah dicetuskan tokoh pki selengkapnya klik tautan berikut ,0
 pancingan biar nitizen setuju soal pemindahan ibu kota,-1
rencana pemindahan ibu kota   kongklusi dr pertemuan  defisit moral pejabat kepentingan bisnis  deal politik,-1
ketua fraksi golkar  dpr ri melchias marcus mekeng meyampaikan  pemerintah   membangun ibu kota baru  adanya uu mengenai pemindahan ibu kota  tersebut  pengeluaran anggaran terikat  perundang undangan,-1
  semua kritik  tantangan   jokowi terus maju  rencana pemindahan ibu kota bahkan  yakin semua persoalan  diselesaikan  waktu tahun lalu  jokowi  se pd ,1
lsm wahana lingkungan hidup indonesia walhi  jaringan advokasi tambang jatam mengatakan  pemindahan ibu kota  transparan   dipublikasikannya kajian  menjadi dasar rencana  masyarakat  terkesan otoriter   melibatkan masyarakat,-1
  pemindahan ibu kota  diperlukan   didasari  kajian  matang   mengingatkan   negara  pemindahan ibu kota terbukti gagal  alasan politik ataupun anggaran,-1
proses pemindahan ibu kota berjalan lancar krn pemerintah gagal menangani macet  banjir  jakarta lari dr kenyataan pagaiman pendapat orang waras pic twitter com e fa njsbe,1
fadli zon rencana pemindahan ibu kota amatiran,-1
fadli zon rencana pemindahan ibu kota amatiran,-1
fadli zon rencana pemindahan ibu kota amatiran,-1
fadli zon usulkan dpr bentuk pansus bahas pemindahan ibu kota lewat,1
konstitusionalitas pemindahan ibu kota negara,0
pemindahan ibu kota bukti pemerintah tak becus berkerja pic twitter com i hc kaebi,-1
willem  pemindahan ibu kota terkait  pengembangan anggaran perlu diberikan legalitas   mengunakan anggaran   apbn kps pma     pikirkan sejak sekarang,0
masyarakat adat penajam paser utara gelar syukuran atas pemindahan ibu kota,1
komisi ii segera bahas kajian pemindahan ibu kota pic twitter com orkprq fze,0
fadli zon mobil esemka  enggak jadi  pemindahan ibu kota,-1
pa presiden joko widodo  terkait pemindahan ibu kota skrang dikaji  ga  jaminan ibu kota pindah pembangunan  kesejahteraan merata    perlu dibenahi  ditingkatkan sekrang ,-1
perbedaan pendapat  anies baswedan  pemerintah pusat terkait alih fungsi gedung gedung pemerintahan   terpakai dinilai  cara  menyerang pemerintah pusat motifnya politis pemindahan ibu kota merugikannya,-1
masyarakat adat penajam paser utara gelar syukuran atas pemindahan ibu kota okezone nasional,1
fadli zon sebut perlu dibentuk pansus tindaklanjuti rencana pemindahan ibu kota,1
dpr mendukung wacana pemindahan ibu kota negara selama  kepentingan masyarakat indonesia,1
pemindahan ibu kota negara pernah dicetuskan tokoh pki,0
wakil ketua dpr ri usulkan bentuk pansus bahas pemindahan ibu kota inspirator media,1
sebut pemindahan ibu kota  gagal fadli zon presiden bukan raja pic twitter com gq xiravzd,-1
fadli zon mobil esemka  enggak jadi  pemindahan ibu kota warta kota,-1
kalau hadir  mungkin tdk  menyelesaikan masalah kapasitas kenegaraan beliau sangat  terbatas   lebih penting fokus memikirkan  program proyek pemindahan ibu kota baru  masalah yg dihadapi rakyat papua sekarang ,1
 balik pemindahan ibu kota benarkah  deal politik  kata istana,0
istana bantah  deal politik  balik pemindahan ibu kota,0
  berita hoaks soal pki usulkan pemindahan ibu kota  kalimantan pic twitter com ftbg pk ej,0
perbedaan pendapat  anies baswedan  pemerintah pusat terkait alih fungsi gedung gedung pemerintahan   terpakai dinilai  cara  menyerang pemerintah pusat motifnya politis pemindahan ibu kota merugikannya,-1
wakil ketua dpr fadli zon mengatakan pns sajak menolak pindah  ibu kota baru  kalimantan timur,-1
assalamuallaikum pa mohon maaf  kata  menyinggung   opini  pribadi   rencana pemindahan ibu kota jngn  lakukan lebih baik fokus mengurusi  penting  pendidikan kesehatan  ekonomi indonesia pa karna jakarta  sejarah,-1
presiden joko widodo mengungkapkan gagasan ibu kota pindah inilah alasan  tahapan pemindahan pusat pemerintahan  kalimantan timur,1
 jadi perhatian pengambilan keputusan mengenai rencana pemindahan ibu kota,0
fadli zon usulkan bentuk pansus bahas pemindahan ibu kota  news,1
netz id rencana pemindahan ibu kota ditentang sejumlah anggota dpr,-1
dpr menunggu ruu pemindahan ibu kota  pemerintah,0
 dulu presiden  angkat  berhentikan  mpr sekarang  presiden yg mau berhentikan mpr pemindahan ibu kota  tolak ama mpr eeh mpr nya malah dibilang makar  dulu  lembaga tertinggi negara  adlh mpr masa presiden mau bubarin mpr dasar rezim koplak,-1
bappenas bantah pemindahan ibu kota ilegal,1
bagian  pemindahan ibu kota  menyelesaikan masalah jakarta jg termasuk tong punya otak  ente pake lah jgn cuma dipajang doang beban jakarta sbg kota pemerintahan administratif minimal berkurang satu  efeknya  kemacetan jg   berkurang mikir,1
respon masyarakat terkait pemindahan ibu kota negara inews makassar lewat,0
tak diduga tanggapan tere liye soal pemindahan ibu kota sangat menghenyak lewat,0
dpr menunggu ruu pemindahan ibu kota  pemerintah,0
oo o ow wkwkw coming soon btw mnurut kalian stuju ga sih pemindahan ibu kota  video by kabautabang by fatkomik,0
pemindahan ibu kota bukti pemerintah tak becus bekerja pic twitter com f ndmcuqs,-1
ramai ramai protes pelibatan swasta biayai pemindahan ibu kota,-1
fadli zon sebut pemindahan ibu kota tergesa gesa,-1
pakar nilai pemindahan ibu kota negara kebijakan hukum  futuristik,1
kemenkeu  cari cara  biayai pemindahan ibu kota republika online,1
  sekalipun properti milik negara tersebut ditinggalkan penghuninya prospek pasar perkantoran  jakarta   terdampak langsung mengingat pemindahan ibu kota membutuhkan proses panjang,1
bappenas mulai selaraskan pemindahan ibu kota  rpjmn,1
megawati wanti wanti jokowi terkait pemindahan ibu kota,1
bfwb minta pemerintah persiapkan sdm sambut pemindahan ibu kota,1
semoga proses pemindahan ibu kota indonesia  dki jakarta  kalimantan timur berjalan  lancar  nah kalau kalian sejujurnya setuju  sih kalau ibu kota indonesia pindah pic twitter com jt syiuezg,1
 pemindahan ibu kota sebanding  biaya  dikeluarkan,0
jadi pemindahan ibu kota negara   hubungannya  upaya  meninggalkan warisan masa tahun pemerintahan jokowi,1
akhirnya presiden joko widodo  resmi mengumumkan rencana pemindahan ibu kota negara  jakarta,0
dpr tunggu pemerintah setor ruu pemindahan ibu kota dpr  menerima surat dar,0
pemindahan ibu kota negara terkesan  dorongan pihak  tiga  rakyat pemindahan  tak penting,-1
pemindahan ibu kota bertujuan hapus dikotomi jawa  luar jawa # persatuanindonesia pic twitter com sjclkgdqkx,1
i ungkap reaksi netizen soal pemindahan ibu kota  kaltim,0
pak  tersinggung gak sama statemen  kl  punya harga diri mestinya  tersinggung tp jgn ganyang malaysia  pak benahi sj negara   jd contoh yg baik utk negara   satu  plis batalkan sj pemindahan ibu kota yg tdk urgen ,-1
dprd respons positif pemindahan ibu kota  kaltim kalimantan news,1
ibrahim ali fauzi pak emil salim  tarik ulur pemindahan ibu kota pic twitter com k z erqijl,0
pemindahan ibu kota melanggar konstitusi bearti hrus mengubah uu dlu klu mau pindah bearti  cma buat pengalihan isu papua y pic twitter com dgwzt ef,-1
semangat mb ikut senang  dg pemindahan ibu kota meski  nantinya   pindah lokasi kerja  pindah rumah,1
pemerintah  punya uu pemindahan ibu kota,-1
soal pemindahan ibu kota fadli zon timing  tepat berita sampit,-1
pemindahan lokasi ibu kota negara  kalimantan timur berdampak  geliat transaksi jual beli lahan mulai terjadi  sejumlah kecamatan pic twitter com dpd x q wx,1
warga balikpapan kritisi pemindahan ibu kota via,-1
pemindahan ibu kota  pengaruhnya  bogor,0
konstitusionalitas pemindahan ibu kota negara,0
semakin sering didengar pemberitaan pemindahan ibu kota profesi apasih  semakin dicari nantinya,-1
soal pemindahan ibu kota  kalimantan timur  tanggapan toyota,0
sy heran dgn acara ilc  kasus pemindahan ibu kota yg dibahas salah satu masalah anggaran   kasus  yg jg  anggaran negara  kasus hutang lapindo yg pembayarannya tdk mulus pertanyaannya knp ilc ga mau mengangkat kasus hutang lapindo mirisss,-1
bupati berau muharram  menyebut  pemindahan ibu kota  kaltim   mendorong sektor pariwisata  menjadi keunggulan bumi batiwakkal sebutan kabupaten berau,1
 grup ciputra pengembang nasional  memiliki proyek  kalimantan timur  pt agung podomoro land tbk  grup sinarmas bakal menikmati keuntungan  pemindahan ibu kota  provinsi tersebut,-1
presiden joko widodo mengungkapkan gagasan ibu kota pindah inilah alasan  tahapan pemindahan pusat pemerintahan  kalimantan timur,0
soal pemindahan ibu kota fadli zon timing  tepat pic twitter com dxwwrtmo r,0
kisah pemindahan ibu kota negara pic twitter com x xraxnpk,0
 baru waras pemindahan ibu kota perlu kajian  mendalam perlu persetujuan dpr  gak kayak pak,-1
bupati berau muharram  menyebut  pemindahan ibu kota  kaltim   mendorong sektor pariwisata  menjadi keunggulan bumi batiwakkal sebutan kabupaten berau pic twitter com duyjpbwsth,1
menteri ppn kepala bappenas bambang brodjonegoro jamin pemindahan ibu kota  mengganggu hutan konservasi pic twitter com e eloqddk,1
pemindahan ibu kota indonesia jadi atensi warganet ibu kota  pindah  jangan hatimu via com,1
ibu kota pindah jual beli lahan  kalimantan timur bakal dibekukan ,1
pemindahan ibu kota  jakarta  kalimantan timur mendapatkan banyak sorotan gerindra sendiri memandang pemindahan ibu kota bukanlah   penting    pic twitter com warxgwlj d,-1
dpr minta pemerintah hitung cermat anggaran pemindahan ibu kota lewat,-1
menteru keuangan sri mulyani menyatakan alokasi anggaran pemindahan ibu kota  rancangan apbn  menunggu kajian  kementerian terkait  menteri keuangan pihaknya  menindaklanjuti alokasi anggaran   kajian lengkap pic twitter com fsmjxjxljn,1
nenek gua  ngobrolin pemindahan ibu kota sekarang jalan  depan sepi  pi iya tumben sepi mungkin  pindah  kalimantan nih pengen nyoba ibu kota baru  gitu  nek atuh jakarta jadi kampung  ayok nyoba kampung baru okey bos,0
proses pemindahan ibu kota indonesia  kabupaten penajam paser utara  kutai kartanagera kalimantan timur membutuhkan waktu  tahun periode tersebut meliputi waktu penyusunan rancangan undang undang ibukota baru penyiapan lahan,1
kalo tujuan  sih   maksudnya seakan   sekarang  jadi teralihkan soal pemindahan ibu kota padahal  gue  sekarang  lebih baik fokus  permasalahan yg gue bilang tadi gitu,-1
pemindahan ibu kota ri emangnya utk masyarakat dki aja buk pemindahan  dilakukan utk orang orang  kalian  lebih leluasa bikin huruhara,1
ibu kota negara  pindah  kalimantan timur kaltim tepatnya  bagian kabupatan paser utara  sebagaian  kutai kertanegara pemindahan ibu kota    menguntungkan  sejumlah daerah  sekitarnya tak terkecuali kab berau,1
polri  merapatkan satuan mana    pindah mengikuti pemindahan ibu kota negara  kaltim,1
 berharap pemindahan ibu kota negara menjadi lem perekat nkri  konsekuensi indonesia negara besar,1
putra bungsu presiden joko widodo jokowi kaesang pangarep buka suara terkait viralnya cuitan tengku zulkarnain soal pemindahan ibu kota negara  kalimantan timur pic twitter com aqreampdcc,0
 pemerataan airin rachmi mendukung pemindahan ibu kota,1
setuju ama demonstran sebegitu takutkah pemerintah pusat sampe akses internet media papua dikebiri kasus papua lebih urgent dibanding pemindahan ibu kota lamban penanganan yg dikhawatirkan  jadi papua lepas  nkri,-1
semoga  mempertimbangkan ujar salah seorang netizen mengomentari pemindahan ibu kota  diprediksi menelan dana hingga rp triliun ,-1
kayaknya sih bukan    pengalihan  kaya gitu ga mungkin ditutup pake   besar  pemindahan ibu kota mungkin  tujuan   lebih besar,-1
balas kritikan pedas ridwan kamil soal pemindahan ibu kota  kata kepala bappenas,0
bersama   mulainya pemindahan ibu kota negara banyak  yg  bahas  grup diskusi online teman teman alumni organisasi keluarga  politik  yg  mulai bisnis jual beli tanah properti,1
pemindahan ibu kota buat jegal anies   kata pengamat politik,-1
diskusi pro  kontra pemindahan ibu kota baru bersama kepala bapenas bambang brojonegoro  badan perencanaan pembangunan nasional,0
bupati berau muharram  nyebut  pemindahan ibu kota  kaltim   dorong sektor pariwisata  jadi keunggulan bumi batiwakkal sebutan kabupaten berau,1
terciprat pemindahan ibu kota begini kata ciputra residence pic twitter com nhcibhhvcq,1
megawati mewanti wanti jokowi soal pemindahan ibu kota,1
soal pemindahan ibu kota menteri panrb asn  siap ditugaskan  seluruh wilayah indonesia semua kementerian  lembaga negara  pindah  kalimantan timur rabu agustus kanal nasional,1
riset i milineal banyak bahas pemindahan ibu kota  media sosial,0
gubernur kaltim isran noor warga kaltim siap terima pemindahan ibu kota negara baru pic twitter com cd yocej,1
menteri ppn kepala bappenas bambang brodjonegoro jamin pemindahan ibu kota  mengganggu hutan konservasi pic twitter com bxutwdngh,1
dpd pdi perjuangan kaltim dukung pemindahan ibu kota,1
bupati berau muharram  menyebut  pemindahan ibu kota  kaltim   mendorong sektor pariwisata  menjadi keunggulan bumi batiwakkal sebutan kabupaten berau rr,1
biaya pemindahan ibu kota  kalimantan pake organ  kuyang aja,-1
biaya pemindahan ibu kota  kalimantan timur diperkirakan mencapai rp triliun berikut estimasi awal pembiayaan fisik ibu kota negara,0
iya nih  rancu   kata pmindahan ibu kota wacananya pemindahan pusat pemerintahan tpi kayakny lebih bagus sbnrny pemindahan pusat pemerintahan dripda ibu kota,1
 korsel megawati blak blakan soal pemindahan ibu kota  kaltim,0
ibu kota negara  pindah  kalimantan timur kaltim tepatnya  bagian kabupatan paser utara  sebagaian  kutai kertanegara pemindahan ibu kota  jg  menguntungkan  sejumlah daerah  sekitarnya tak terkecuali kabupaten berau,1
terkait pemindahan ibu kota negara menteri panrb asn  siap ditugaskan   pic twitter com ram gwvw v,1
sepertinya orang malah asik memperbincangkan masalah pemindahan ibu kota dibanding masalah  terjadi  papua,-1
habiskan rp t dana pemindahan ibu kota disebut tak ganggu apbn pic twitter com mfygusihgh,1
lawan politik melihat  sudut pandang yg salah pemindahan ibu kota sdh dicanangkan  era  jokowi,1
hallo the unroll you asked for thread by pemindahan ibu kota  kaltim bukti keberhasilan bukti bukti indonesia  tak  maju   beribuk talk to you soon,1
 link buat lihat naskah akademis pemindahan ibu kota ndak  mau baca klo  beberapa media salah satunya tempo kabarkan naskah akademik   ,0
amien rais masalah papua lebih penting  pemindahan ibu kota,-1
mungkin  paling dekat  argumen pemindahan ibu kota  dki jakarta  kalimantan timur  sedang dirancang  indonesia  brazil,0
moeldoko tegaskan pemindahan ibu kota  mengkaji aspek keamanan pic twitter com dsvbmlmzvb,1
moeldoko tegaskan pemindahan ibu kota  mengkaji aspek keamanan pic twitter com roloryd k,1
dana awal pemindahan ibu kota capai rp miliar,0
pemerintah   rencana bangun bandara  pelabuhan  ibu kota baru,0
suadah tadz jangan ngeributin masalah pemindahan ibu kota  urusan pemerintah pemerintah  lebih tau maksutnya  kamu terus kalau ibu kota pindah apa membuat iman kamu  jadi pindah urusin iman kamu  umat  urusin kepindahan ibu kota,1
fadli zon mengatakan rencana pemindahan ibu kota  provinsi kalimantan timur  dibatalkan apabila fraksi fraksi  dpr tak sepakat,-1
jenderal purn moeldoko memastikan perencanaan ibu kota baru  dipikirkan  berbagai aspek termasuk pertahanan,1
dpr tunggu usulan ruu pemindahan ibu kota  eksekutif,0
pemindahan ibu kota tak kurangi polusi udara  jakarta pic twitter com vyxcx sbac,-1
 kali yg disebut public privat partnership pemerintah gk byr biaya pembangunan tp bayar sewa slm thn stlh  gedung jd milik pemerintah pemerintah  udh ngitung untung ruginya pemindahan ibu kota udh diputuskan  mau koar gk  gunanya,1
pemerintah    tetap  menempuh  tahapan  aturan  proses pemindahan ibu kota negara  membuat regulasi  melibatkan dpr   pan  perlu memprovokasi  memberikan tanggapan kontroversi,1
kabarsaja legislator pemindahan ibu kota jangan terlalu bebani anggaran negara pic twitter com xntftp q n,1
fpan pemindahan ibu kota jangan terlalu bebani anggaran negara pic twitter com dlnqyqayll,1
halo  bercerita  pemindahan ibu kota kemudian sedikit cerita sejarah jakarta kota  dibangun  siapa  kalau ruwet  salah siapa selamat mendengarkan listen to the most recent episode of my podcast podtory episode,0
hd wallpapers setya novanto dukung pemindahan ibu kota,1
pengamat sebut jokowi mampu rampungkan pemindahan ibu kota  masa jabatan pic twitter com tfmtg aame,1
pengamat sebut jokowi mampu rampungkan pemindahan ibu kota  masa jabatan pic twitter com grey egd b,1
pengamat sebut jokowi mampu rampungkan pemindahan ibu kota  masa jabatan pic twitter com dlc b ybd,1
pengamat sebut jokowi mampu rampungkan pemindahan ibu kota  masa jabatan pic twitter com s d pue u,1
pengamat sebut jokowi mampu rampungkan pemindahan ibu kota  masa jabatan pic twitter com glrc wedx,1
   rakyat  tau termasuk pak tengku sendiri indonesia  punya ibu kota yg dirancang sendiri  bangsa sendiri jadi   pribadi yg waras  pemindahan ibu kota indonesia  sangatlah bagus ibu kota yg dirancang  negara  sendiri,1
pembangunan jalan tol aja jadi  pemindahan ibu kota,1
serius nanya beliau manusia apa bukan sih  bnyak rakyt yg gak setuju pemindahan ibu kota tpi  ngotot pindah,-1
giman mau ngurus papua klo pemindahan ibu kota baru lebih penting  warga papua berarti bosa d katakan papua sdh  dipedulikan  munktiny lbih penting pindah ibu kota baru,-1
kencengin pemindahan ibu kota biar yg  senyap,-1
pastikan  pemindahan ibu kota  tunda    bicarakan  hut ri   tahun    pastika dulu  sungguh idiologi uud ekonomi  teritorial nkri sungguh berdaulat,-1
pemindahan ibu kota bukti jokowi gagal benahi jakarta pic twitter com oy o ufu,-1
pt agung podomoro land tbk apln gercep memanfaatkan momentum pemindahan ibu kota negara  jakarta  kalimantan timur,1
rek tanggapan kalian  pemindahan ibu kota apa ni wkwkk setuju si biar gak makin padet  jakarta semoga  pemindahan ibukota  kaltim  mengurangi polusi  jakarta,1
menteri basuki pemerintah alokasikan rp miliar buat hunia asn  ibu kota baru,1
akademisi unila ingatkan perlu kaji ulang pemindahan ibu kota,-1
terlalu sepele macet  banjir jakarta jadi alasan pemindahan ibu kota,-1
dprd jabar ridwan kamil jangan asal klaim pemindahan pusat pemerintahan dprd jabar  membahas rtrw pemindahan ibu kota jawa barat  usulan tegalluar  daerah pengganti  daerah tersebut dinilai  layak  memiliki potensi pic twitter com r ao pqrf,-1
herman mengatakan partai demokrat  mengambil sikap mendukung   terkait rencana pemindahan ibu kota tersebut,0
dadang m naser dukung pemindahan ibu kota jabar  tegalluar,0
 kata media jerman soal pemindahan ibu kota  jakarta  kalimantan,0
goblok jg  org sdh tau nkri skrg lg banyak utang berani sekali transfer uang dgn jlh x pemindahan ibu kota kasihan alamat lenyap lah uang mu bro,-1
 disisi  pemerintah  jajarannya terus terusan sibuk  urusan lainnya sibuk berebut kursi jabatan sibuk mengurus pemindahan ibu kota padahal   lebih urgent  dipikirkan,-1
rencana pemindahan ibu kota jabar  melalui kajian komprehensif  news pic twitter com txt df pj,0
butuh kajian pemindahan satuan pengamanan  ibu kota baru,0
rencana pemindahan ibu kota jabar  melalui kajian komprehensif,0
pemindahan ibu kota lebih penting dibanding masalah yg sedang dialami  papua situasi negara  ,1
pakar pemindahan ibu kota kebijakan hukum  futuristik baca selengkapnya,1
ridwan kamil jelaskan bedanya pemindahan ibu kota  pusat pemerintahan pic twitter com mx iywahr,0
bima puji emil soal persiapkan pemindahan ibu kota jabar pic twitter com ci g k uk,0
 sistuasi   pa harusnya  turun tangan langsung  meredam konflik yg   papua  konflik yg   papua semakin membesar lebih memprioritaskan masalah yg   papua ketimbang pemindahan ibu kota,-1
ridwan kamil  pindah pusat pemerintahan ibu kota   tetap  bandung,0
sekjend kiara pemindahan ibu kota negara baru ancaman nelayan  teluk balikpapan,-1
calon ibu kota negara baru berada  zona rendah ancaman bencana,1
si org ketiga takut kebijakan pemerataan ekonomi prmbangunan berhasil akibat dmpaknya pemindahan ibu kota kali bang makanya  buru  merdekakan west papua,-1
pemindahan ibu kota provinsi  sesuai rpjmd,1
nasdem mendorong pemerintah segera menyerahkan naskah akademik  rancangan undang undang  pemindahan ibu kota negara,1
pemindahan ibu kota bakal ubah peta pasar otomotif,1
pak jokowi sibuk dg pemindahan ibu kota urusan papua pasrahkan  kaki tangannya luhut panjaitan,-1
kemarin kemarin sebel liat berita soal pemindahan ibu kota negara eh sekarang pak gubernur  pindahin ibu kota provinsi  urgensinya apaaaa,0
pln mengoptimalkan potensi pendapatan  pemakaian kendaraan listrik  masyarakat  rencana pemindahan ibu kota  kalimantan timur terealisasi,1
gubernur jawa barat ridwan kamil mewacanakan pemindahan ibu kota provinsi jawa barat wacana mengenai pemindahan ibu kota provinsi jawa barat  kota bandung dinilai bukan   penting  dprd kota,0
rencana pemindahan ibu kota provinsi jawa barat jabar  kota bandung  daerah  amp nbsp  sempat dibahas  masa kepemimpinan gubernur jawa barat,0
pemindahan ibu kota negara  kaltim ingatkan  program jabar pindah  walini  news jambi,0
aq sangat enegh  miris klo liat brita  tv kok cm pemindahan ibu kota terus padahal adikku klrgku sbgian yg  papua sedang  menentu nasibnya disana krn situasi yg mencekam sedih klo liat  pemimpin  pd bungkam soal papua,-1
 meeting pemindahan ibu kota dulu,0
mitigasi bencana  calon ibu kota negara  beberapa aspek ekologi  perlu jadi perhatian  pemindahan ibu kota keberadaan ruang hijau  masuk  penataan site plan   pembangunan  merusak kaidah lingkungan pic twitter com mvdkhpz,1
pindah ibu kota masalah baru jerat hutang indonesia  puput yulia kartika koordinator smart muslimah jakarta isu  selama  berhembus mengenai pemindahan ibukota akhirnya terealisasi lokasi,-1
kata menperin soal respons industri  pemindahan ibu kota,0
publik tak pernah tahu detail alasan pemindahan ibu kota negara  penajam paser utara  kutai kartanegara  kamu  merasakannya ,-1
setuju  semudah membalikkan telapak tangan  pemindahan ibu kota jabar,0
aher tak mempermasalahkan rencana pemindahan ibu kota jabar  news jawa barat,0
pemindahan ibu kota bandung dinilai  perlu pic twitter com vejz d c,0
usut punya usut kabar kaburnya pemindahan ibu kota   kaitannya  mesranya jokowi  prabowo pasca pilpres,0
 negarawan  rela berkorban menjadi donatur  membantu negara  tekornya anggaran  pemindahan ibu kota   prabowo subianto   membantu donasi lahan  ibu kota baru indonesia,1
lewat dpr gus janji pkb muliakanlah rencana pemindahan ibu kota,1
korea selatan  siap memindahkan kantor kedutaan besarnya  indonesia  sepenuhnya menyelesaikan proses pemindahan ibu kota  kalimantan timur,1
ace golkar pastikan golkar  lobi parpol   loloskan ruu pemindahan ibukota yakin seluruh parpol anggota kik solid proses pembahasan ruu ibu kota baru  mulus,1
pemerintah korea selatan mendukung rencana indonesia memindahkan ibu kota langkah tersebut dinilai  upaya pemerataan pertumbuhan  pembangunan,1
dprd kota bandung menilai wacana pemindahan ibu kota provinsi jabar bukan   penting     menjadi fokus  pemerataan pembangunan,0
korsel dukung rencana pemindahan ibu kota indonesia via,1
  ngurusin isu pemindahan ibu kota lebih baik kerja nyata mengurusi isu papua  terlebih  skala prioritas harusnya  menginterup agenda jadwal yg  disusun jauh sebelumnya,-1
disaat papua  gitu   pikirkan cuman pemindahan ibu kota heran,-1
 orang kalimantan  bangga  lokasi pemindahan ibu kota nkri jatuh  kalimantan   orang   setuju  lokasi ibu kota nkri dipindahkan  kalimantan,1
wacana pemindahan ibu kota jawa barat bikin pro kontra  kalangan anggota dprd kota bandung via,0
peran swasta capai persen  biayai pemindahan ibu kota bakal jadi masalah  kaltim,-1
pemindahan ibu kota  kaltim buat penasaran forum  seoul,0
korea selatan dukung rencana pemindahan ibu kota indonesia  pemerataan pertumbuhan,1
 jadi begini  tahapan pemindahan ibu kota baru pic twitter com spexthktkb,0
sepertinya jangan dulu memblowup pemindahan ibu kota dlu deh jg terlalu tergesa lbh baik tuntaskan dlu permasalahn papua  iuran bpjs yg mau naek yg nuat  nyesekk,-1
dprd kota bandung menilai wacana pemindahan ibu kota provinsi jawa barat  kota bandung  daerah  bukan   penting   justru  perlu diperhatikan  bagaimana melakukan pemerataan pembangunan  jabar,0
wacana pemindahan ibu kota jabar dinilai  mendesak,0
pojok pak kepala bkkbn sambut rencana pemindahan ibu kota  kalimantan timur  kepala bkkbn dr hasto wardoyo sp og k kepindahan  membantu program kependudukan utk menghindari kesenjangan demografi indonesia timur barat pic twitter com fbd wrfkbq,1
pkb setuju pemindahan ibu kota  kalimantan timur  pemerataan pembangunan,1
pbb nilai wajar pemindahan ibu kota baru menuai pro  kontra,0
papua makin membara hentikan polemik pemindahan ibu kota,-1
wakil wali kota dukung wacana pemindahan ibu kota jabar detiknews pic twitter com beazx ejlk,0
   mendukung pemindahan ibu kota  pemerataan pembangunan lewat dpr gus muhaimin janji pkb muluskan rencana pemindahan ibu kota,1
lebih tepatnya tertutup  berita pemindahan ibu kota kota pengen masuk dki  jabar ikut an pindah ibukota td baca  jakartapost sedih  tau  seluruh kota  papua terjadi demo besar hingga memakan korban,-1
sanggah klaim klhk walhi minta pemerintah buka kajian pemindahan ibu kota baru,0
megawati sebut pemindahan ibu kota butuh waktu lama,0
pemindahan ibu kota jelas memakan biaya yg sangat besar cba kalo  shodakoh kan  panti asuhan fakir   masyarakat indonesia yg  mampu mungkin pahala  allah besar  jadi penolong  akhirat,-1
pemindahan ibu kota anies status kekhususan dki sedang digodok,-1
ramai pemindahan ibu kota jawa barat begini reaksi dprd pengamat hingga netizen tak setuju emil via,0
ridwan kamil kaji pemindahan ibu kota jabar,0
respons toyota terkait pemindahan ibu kota indonesia  kaltim,0
pemindahan ibu kota tdk segampang isu liar yg kalian sebarkan camkan pic twitter com arkh pgoyu,-1
nama gubernur dki jakarta anies baswedan diprediksi  menurun   pemindahan ibu kota  kaltim,0
bingung  aja isu miring yg menyertai pemindahan ibu kota pic twitter com wvdgsuj tb,1
 ikatan mahasiswa muhammadiyah imm  iain kendari heee  seperempatnya  pasca dialog publik soal pemindahan ibu kota nkri jaya terus ikatanku,0
pemerintah ternyata sembunyikan rencana pemindahan ibu kota selama tahun ogah dikaitkan politik,0
pemindahan ibu kota  berdampak  banyaknya bekas gedung perkantoran milik pemerintah pusat bagaimana nasib bangunan ,0
wajar kalo penduduk papua meminta tuk merdeka dikarenakan  adanya kepedulian  seorang presiden yg lebih mementingkan pengurusan pemindahan kota    mendapatkan nama  dialah yg  memindahkan ibu kota,-1
pemindahan ibu kota  duga membuat kabitat org hutan terganggu pic twitter com rkgnayheck,-1
apa   terjadi tetap tersenyum semoga bapak bapak   terhormat  memberi keputusan terbaik ttg rencana pemindahan ibu kota  aku sangat berharap pemindahan dibatalkan cc tetap semangat pic twitter com d uij kud,-1
ridwan kamil ungkap pemindahan ibu kota jabar  daerah  pic twitter com zf ujmxwq,0
pemindahan ibu kota agung podomoro bidik investor  kalimantan pic twitter com a hohat dc,1
sempet denger  ciwalini bakal dibikin kota baru  menunjang penunjang kereta cepat  pas rame ibu kota pindah jadi rame dei isu pemindahan hehehe,0
pemerintah  tahu skala prioritas masalah papua  jadi prioritas utk  selesaikan bukan pemindahan ibu kota pikir ulang  menyesal,-1
 geografis jarak tempuh  kalimantan tiongkok lebih dekat  banding jkt  visioner pemindahan ibu kota ri lebih menguntungkan siapa   kepentingan apa,-1
rencana pemindahan ibu kota  digagas sejak lama bahkan sejak era presiden soekarno pic twitter com kfja nbaoe,1
rencana pemindahan ibu kota republik indonesia dinilai penuh kontrapersial banyak  setuju  banyak  menolak  kalian bagaimana,0
pemindahan ibu kota bakal pengaruhi sektor pariwisata kaltim,1
hahahaha njirrr uang dialokasikan buat pemindahan ibu kota,-1
disinilah cerdiknya china trauma  lengsernya ahok  gagalnya proyek reklamasi jakarta  meikarta menjadikan china mempercepat agenda pemindahan ibu kota indonesia  kalimantan,-1
ibu kota baru  peradaban baru  ridwan wawan poernama opini edunews id gagasan pemindahan ibu kota baru  digulirkan presiden jokowi baru baru  pemindahan ibu kota bukanlah  fenomena baru banyak negara  melakukannya pic twitter com iawh av k,0
pemindahan ibu kota negara  kaltim diharapkan tetap memperhatikan aspek penyelamatan lingkungan,1
pemindahan ibu kota negara  kaltim diharapkan tetap memperhatikan aspek penyelamatan lingkungan,1
 batalin ajalah  bukan saatnya bicara pemindahan ibu kota kok ngotot kali mo mindah   situasi keuangan  labil  apa  cc,-1
pemerintah siapkan kajian lingkungan hidup pemindahan ibu kota via,1
semoga  petinggi negara cepat tanggap  apa yg terjadi  papua bukan  sibuk  pemindahan ibu kota ,-1
ibu kota baru tantangan baru  kata pakar ugm soal pemindahan ibu kota indonesia,0
solusi cerdas unt pemindahan ibu kota negara sebaiknya  papua  lokasi msh banyak sekaligus percepatan pembangunan,-1
istana tepis isu liar terkait pemindahan ibu kota pic twitter com hhn crqv d,0
ibu kota baru tantangan baru  kata pakar ugm soal pemindahan ibu kota indonesia pic twitter com sa bknpuh,0
spesial  teman teman aku  nama kelompok nya mesti ganti  pemindahan ibu kota wkwk commuter youth crew pic twitter com mxmuwefdl,0
nih saran pdi perjuangan jabar soal wacana pemindahan ibu kota jawa barat,0
pasca pilpres sandiaga uno mengaku rehat  panggung politik  sandiaga  pilpres benarkah  tawaran menteri  kabinet jokowi apa pendapatnya soal rusuh papua pemindahan ibu kota saksikan e talkshow jumat agustus  tvone pic twitter com x z obawyv,0
terkait pemindahan ibu kota  kaltim menpan rb syafruddin menegaskan pns  mau ditempatkan  mana  kapan ,1
alhamdulillah pro  kontrak ttng pemindahan ibukota byk brbgai mcm prndpt smg rakyat bs mngerti knp ibu kota pindah  spt ap pemindahan ibu kota kilat,1
  mempunyai jiwa pemimpin  pro rakyat  urus papua dulu jangan urus pemindahan ibu kota mulu,-1
mengenai pemindahan ibu kota jabar pengamat mudah mudahan baru sebatas wacana pribadi ridwan kamil,0
akibat salah pilih pemimpin beginilah jadinya fokus  pemindahan ibukota  misi besar dibalik  semua   mekar dr kab garut jd kab garut selatan aja susah  malah  mindahin ibu kota negara pic twitter com yfz lsb u,-1
  sensi  pemindahan ibu kota hahaha pic twitter com yzyvi x,-1
selamatkan papua selamatkan papua beri prhatian full utk atasi mslah papua jangan smpai dngan mudahnya melepas mrka dr nkri  apa dngan negeri   yg hrsnya mnjadi prhatian  petinggi negeri  malah  olah teralihkan dngan pemindahan ibu kota,-1
pemimpin  fungsional jalankan amanah sesuai koridornya bagaimana kondisi indonesia   pak  mana lebih utama menanggulangi konflik papua pemindahan ibu kota   sertifikat tanah,-1
pemindahan ibu kota malah memicu konflik baru konflik horisontal  biarlah  jakarta bisr  terjadi kecemburuan sosial,-1
 pura gila bang fahri isu bom  tdk mempan jd skrg pakai berita pemindahan ibu kota,-1
isu agama uas rusuh papua pansel capim kpk pemindahan ibu kota iuran bpjs naik  makin melemahnya daya beli masyarakat krisis ekonomi   semua setingan konspirasi tuk mmbubarkan nkri ato ketidak mmpuan presiden dlm mmimpin,-1
hutang    hubungan dgn pemindahan ibu kota hutang   menjadi kewajiban utk dibayar siapapun  menjadi presiden  pemindahan ibu kota  jokowi   merealisasikan  presiden lainnya  sebatas wacana makanya jokowi hrs didukung,1
bg sy sungguhpun sy bkn pendukung jokowi pemindahan ibu kota jgn cm dilihat dr aspek ekonomi sj tp jg politik sdh sejak lm negara kt jawa centris indonesia identik dgn jawa tp dihidupi  pulau  liht presidennya semua jawa habibi cm st kbtln sekl  sy se jokowi,1
 isu pemindahan ibu kota negara lebih penting  disintegrasi bangsa   rasa nasionalisme nya,-1
rencana pemindahan ibu kota jabar  diperhitungkan matang matang terkait rencana gubernur jawa barat ridwan kamil   memindahkan ibu kota jawa barat  kota bandung,0
katanya butuh dana buaaanyak klo mau pindah ibu kota negara om yg disana gimana klo biaya pemindahan ibu kota dipake buat bayar utang negara lagian dana sebanyak  bakalan jadi sasaran empuk  yg berjiwa korup,-1
soal pemindahan ibu kota negara menteri bambang  memindahkan pusat pemerintahan bukan jakarta via,1
prabowo  gerindra dukung pemindahan ibu kota pic twitter com vqpgoqrl,1
desa tegalluar jadi salah satu tujuan pemindahan ibu kota provinsi jawa barat  kota bandung  kamu kalau ibu kota provinsi jawa barat dipindahkan  sini gimana detikers via,0
akademisi pemindahan ibu kota negara perlu dikaji ulang pic twitter com i immn x,-1
pemindahan ibu kota pengaruhi sektor pariwisata kaltim antarakalbar,1
allah menunjukan kuasa nya  ulama difitnah  kriminalisasi pencitraaan pemindahan ibu kota muncul masalah baru  timur jauh,-1
papua lebih mencekam    pemindahan ibu kota pengalihan pengalihan isu belaka bpjs naik x lipat   pejabat bpjs gajinya naik x lipat jga knp isu    jadikan topik,-1
denny ja berharap pemindahan ibu kota  menjadi keputusan bersama,1
pln dukung rencana pemindahan ibu kota pic twitter com bteqjhtmrg,1
pemindahan ibu kota  papua  topik yg menjadi sebuah nilai perbandingan  mana yg lebih penting  dalih keutuhan nkri apa yg   beri  papua rasisme intimidasi  pemerintah mencabut subsidi bbm  penyamarataan satu harga  papua,-1
 anak fisip kritisi soal pemindahan ibu kota  rev,-1
wali kota bogor dukung pemindahan ibu kota jabar,0
apa kata pers jerman  pemindahan ibu kota  kalimantan,0
 tragedi kkn desa penari semoga   tragedi kkn pemindahan ibu kota huhuhu,-1
ridwan kamil wacanakan pemindahan ibu kota jabar  lokasi,0
inkindo imbau pemerintah tekan biaya soal pemindahan ibu kota negara indonesia,1
pemindahan ibu kota inkindo minta pemerintah tekan pembiayaan,1
hahahaaaaa rncn pemindahan ibu kota sdh jauh hari boss baru keluar  gua ,1
pastikan jadi perhatian jokowi istana urus papua  pemindahan ibu kota  berjalan paralel,1
aktris pevita pearce ikut mengomentari pemindahan ibu kota  penajam paser utara  kutai kartanegara kalimantan timur,0
 rak   ternyata  buku pak demokrasi perubahan  pembangunan  dki jakarta sontak membangkitkan ingatan ttg pemindahan ibu kota yg dg keras   tolak kedepan milenials tak  percaya sejarah  bukti bukti sejarah    jkt semua pic twitter com lur d utor,-1
 rakyat biasa berkibar bendera bintang kejora  tanah air  jadi perhatian khusus pak  jangan sibuk pemindahan ibu kota negara keutuhan nkri sekarang  pertanyakan pic twitter com wiadvbb xk,-1
dukung pemindahan ibu kota kominfo siap bangun kalimantan ring kominfo turut andil  mensukseskan rencana pemerintahan jokowi  pemindahan ibu kota  kaltim  membangun infrastruktur komunikasi baru  kaltim pic twitter com zcyiyej um,1
hehehe  era p sukarno  wacana pemindahan ibu kota   polotik baca sejarah lah kalo soal adanya potensi tsunami limpahan   dah lama  pikirkan  sekali  skala prioritas lah yg banyak dipertanyakan mau pindah kmnpun banyak yg ,1
sejarah kesuksesan pemindahan ibu kota pemerintahan indonesia harian momentum,1
keras bung kritik pak soal pemindahan ibu kota negara keren bung lebih keren kalau  dapet follback nya berharap  pic twitter com bnffardunm,-1
sempat tolak kini ahok sepakat  pemindahan ibu kota,1
ibu kota baru ditengah bayang bayang ancaman lubang tambang hidup mahasiswa hidup rakyat indonesia hidup perempuan indonesia ditengah polemik pemindahan ibu kota baru  kalimantan timur  ,-1
ketua pp muhammadiyah bidang hukum  ham busyro muqoddas menyarankan  pemerintah mengabaikan dulu mengenai pemindahan ibu kota  lebih fokus  penyelesaian permasalahan  papua,-1
kalau  pindah jumlahin deh ketekoran negara selama tahun kedepan hmh  banyak  yg menguntungkan atas pemindahan ibu kota pelajarilah semenyeluruh mungkin,1
pemindahan ibu kota ipb undang pakar transmigrasi jepang pic twitter com iivixbnxa,1
aher dukung rencana pemindahan ibu kota provinsi jawa barat  daerah   halnya jakarta  padat  mantan gubernur jawa barat ahamad heryawan pemindahan ibu kota propinsi jabar cukup mendesak  kota bandung  sesak,0
 fokus mengkritik pemindahan ibu kota negara kritiknya jg  pedas  jokowi sok jadi warga milenial lu,1
 apa dibalik kerusuhan papua  rencana pemindahan ibu kota baru lewat,-1
 pemindahan ibu kota  pengalihan isu  papua,-1
ternyata peresmian pemindahan ibu kota cuma prank,-1
me ma tauga rk mom blabbing bout pemindahan ibu kota jabar  ketidaksetujuannya me i just want to mention pak rk ngucapin habede  jungkook bts mom,0
banyak  bilang alasan utama pemindahan ibu kota  karna anies gubernurnya coba kemaren  menang pilgub basuki   cerita cuitan netizen maha benarnya,1
soal pemindahan ibu kota pkb  sangat mendukung   pkb kawal  sangat mendukung pemindahan ibu kota  pemerataan pembangunan kata cak imin  gedung dpr senayan jakarta jumat pic twitter com c tvhwsim,1
sebut kondisi bangsa menjerit jalih pitoeng minta pemindahan ibu kota ditunda pic twitter com qth mbhdcw,-1
pemindahan ibu kota tak ganggu ekonomi warga lokal pic twitter com ahfp liurh,1
fabby tumiwa menilai pemindahan ibu kota baru  kalimantan timur berpotensi kekurangan pasokan listrik sebabnya baca selengkapnya  artikel ibu kota negara pindah listrik kalimantan minus mw,-1
pemindahan ibu kota jawa barat dianggap  relevan pic twitter com q ur jt y,0
wacana pemindahan ibu kota jabar walikota bandung berharap  kajian komprehensif pic twitter com mvxvmywdmx,0
walikota bogor dukung rencana gubernur terkait pemindahan ibu kota jawa barat pic twitter com uwqsbb ivr,0
 ibu kota   pindahkan bukannya membutuhkan biaya  cukup besar anggaran dana pembiayaan    mana penjualan aset bukannya  banyak kebutuhan     perhatikan  pemindahan ibu kota,-1
pemindahan ibu kota jawa barat dianggap  relevan,0
bumi resources bumi melihat potensi untung  pemindahan ibu kota,1
politisi pks menilai pemindahan ibu kota bukan solusi atasi masalah pic twitter com ckzuargsh,-1
yah skrng khan lg tren yg unfaedah kyk pemindahan ibu kota khan maha unfaedah,-1
dibalik rusuh papua  pemindahan ibu kota  pemimpin yg sangat lemah  ternyata  paham persatuan bangsa walaupun selalu teriak persatuaaaannnn,-1
menjual negara  halus pemindahan ibu kota dgn dominasi biaya swasta tak ubahnya menjual otoritas wibawa kedaulatan kemandirian negara  swasta  era mukidi identik dgn aseng asing swasta dlm tanda kutif  semakin menguasai kebijakan pemerintah boneka mrk pic twitter com ctnulzmfb,-1
korsel dukung pemindahan ibu kota ri pic twitter com n upkhkzur,1
hibah lahan tersebut  bentuk apresiasi warga  pemindahan ibu kota negara  kabupaten kutai kertanegara  kabupaten penajam paser utara  kaltim,1
 benar pemindahan ibukota  meringankan beban jakrta yg kian lama kian ramai    kondisi negara  keadaan berhutang uang  mana  mendirikan ibu kota baru jual aset jakarta,1
pemindahan ibu kota rusuh papua  isu sara rawan dimanfaatkan kelompok terselubung  lumpuhkan ketahanan nasional,-1
pemerintah diminta tekan biaya pemindahan ibu kota,1
  mau jujur  melihat persoalan   jernih pemindahan ibu kota  kalimantan  dimulai sejak lama pemindahan   menjadi perdebatan,1
pemindahan ibu kota rusuh papua  isu sara  tiga isu lama  dibuat  merusak ketahanan nasional,-1
harga tanah  lokasi ibu kota baru  penajam paser utara  kutai kartanegara kaltim langsung naik drastis,1
 sosok yg kerjaannya selalu menyulut api  kalangan sumbu pendek  punya referensi kajian pembanding yg layak utk dipertimbangkan atas permintaannya thdp pemindahan ibu kota,-1
bukan bappenas amien rais ungkap pemindahan ibu kota ri berdasarkan kajian china,-1
dualisme konseptual  perbaikan  pemindahan ibu kota negara opini diskursus publik  beberapa bulan terakhir  sedang sangat masif saling membedah narasi  wacana pemindahan ibu kota indonesia  jakarta pic twitter com emgtwtvxnf,0
pemindahan ibu kota  hak presiden pic twitter com ppmq rqpx,1
median merilis pendapat masyarakat terkait pemindahan ibu kota  dki jakarta  kalimantan timur hasilnya sebanyak persen publik  setuju gimana tanggapanmu,-1
gegap gempita soal pemindahan ibu kota giliran bpjs naik bersuara   makin sedih aja   punya negri,-1
amien rais tuding pemindahan ibu kota  kaltim konspirasi china,-1
indef pemindahan ibu kota justru makin membuat kesenjangan ekonomi pic twitter com ntqltmu,-1
indef pemindahan ibu kota justru makin membuat kesenjangan ekonomi pic twitter com hk q dwyj,-1
indef pemindahan ibu kota justru makin membuat kesenjangan ekonomi pic twitter com h jzapzsn,-1
moeldoko mengungkapkan pemindahan ibu kota dilakukan pemerintah  prosedur salah satunya melalui kajian bappenas,1
 rencana pemindahan ibu kota bagaimana dampaknya  perdagangan kripto pic twitter com aqwv gutz,0
amien rais sebut pemindahan ibu kota dipersembahkan  china news,-1
fadli zon harap pemindahan ibu kota tak jadi pepesan kosong,1
 tepat berbicara pemindahan ibu kota    pic twitter com hygduzrt g,-1
napa semua selalu dikaitkan  beijing harusnya lebih bijak  mengeluarkan komentar amien rais menyebut rencana pemindahan ibu kota ri  jakarta  kaltim persembahan  beijing pernyataan amien dinilai rasis,1
masa bodo  isu pemindahan ibu kota sing penting ibukku mbe ibukmu mben dadi besan oyi a,-1
 setuju dgn pak amien rais kali  karna pemindahan ibu kota tdk urgent  byk   yg perlu dibenahi utang negara misalnya jgn melakukan rescheduling utang terus  byk yg meninggal karna kelaparan jg tlg efisiensinya pak,-1
tolak pemindahan ibu kota tiongkok berkuasa jangan tinggal diam rakyat hrs bertindak,-1
rencana pemindahan ibu kota jabar  melalui kajian komprehensif,0
pemindahan ibu kota  butuh dana dong pak dana nya  kan tuh sebagian buat pemindahan tersebut bener gak tuh,-1
fadli zon harap pemindahan ibu kota tak jadi pepesan kosong,1
fadli zon pemindahan ibu kota terkesan mendadak  tergesa gesa pic twitter com jsfjnspou,-1
 geopolitik pemindahan ibu kota negara sangat berbahaya,-1
fadli zon harap pemindahan ibu kota tak jadi pepesan kosong via,1
pemindahan ibu kota tak masuk rapbn dpr jangan  wacana   keinginan presiden bukan keinginan rakyat pic twitter com vhkzutnc w,-1
moeldoko minta amien rais  tendensius tanggapi kajian pemindahan ibu kota,1
 sesuaikan kondisi pemindahan ibu kota karna utk dikelola infrastruktur,1
bagaimana peran pelabuhan  indonesia  proses pemindahan ibu kota  pulau kalimantan ikuti dialognya  malam  pukul wib live streaming pic twitter com dpxxql arn,0
 tahu bagaimana persiapan  dampak  pemindahan ibu kota  negara  yuk simak infografisnya pic twitter com yvoltvh vo,0
rencana pemindahan ibu kota indonesia  jakarta  kutai kartanegara  penajam paser utara bukanlah fenomena  baru  dunia sebelumnya beberapa negara  amerika serikat  korea selatan  melakukan pemindahan ibu kota pic twitter com wguaorac,1
amien rais bahas rencana pemindahan ibu kota,0
minta pemindahan ibu kota dibatalkan amien rais banyak mudaratnya pic twitter com jhg p jk,-1
 ilmu kebijakan publik terdapat teori penyusunan agenda teori  menjelaskan  media memiliki kemampuan  memilah agenda   diberitakan  konteks pemindahan ibu kota pemerintahan jokowi  sadar  isu   menutupi pemberitaan ,-1
pemindahan ibu kota    merta berlangsung   perlu persetujuan  dpr perlu adanya payung hukum      ,0
fadli zon yakini pemindahan ibu kota  tahun sulit,-1
taufid menilai pemindahan ibu kota justru berpotensi menghadirkan kesenjangan ekonomi   provinsi  indonesia,-1
bukankah pemindahan ibu kota  cita bung karno  baru terlaksana sekarang sangat   korelasinya dg beijing gorengan basi terus dijual apa maunya amien rais,1
yg bikin hutang negara naik  yg suka ambil keputusan ngawur  yg punya rencana pemindahan ibu kota  kok rakyat yg dibebani naikin iyuran bpjs ente waras pak de menteri mu aja kurangi tunjangannya #,-1
soal pemindahan ibu kota amien rais batalkan ,-1
pkb mengecam amien rais soal ujaran kebencian pemindahan ibu kota pkb angkat bicara soal pernyataan amien rais  mengatakan  pemindahan ibu kota  percepat china mengambil alih kedaulatan republik indonesia,-1
soal pemindahan ibu kota amien rais batalkan ,-1
amien rais sebut pemindahan ibu kota dipersembahkan  china,-1
klik wacana pemindahan ibu kota jabar mendagri silakan  negara,0
ppp menilai kritik ketua dewan kehormatan pan amien rais  rencana pemindahan ibu kota negara menyesatkan,1
amien rais sebut pemindahan ibu kota dipersembahkan  china,-1
tjahjo  pernah membahas soal pemindahan ibu kota jawa barat bersama ahmad heryawan,0
soal pemindahan ibu kota  kaltim amien rais keluarkan penyataan  mengejutkan,0
amien rais tuding pemindahan ibu kota disetir kepentingan asing pic twitter com juzivk nkc,-1
kata fadli zon soal target pemindahan ibu kota tahun  news,0
kata fadli zon soal target pemindahan ibu kota tahun bankmandiri,0
pemindahan ibu kota proyek konglomerat  hulu  hilir pic twitter com tmriqm bn,-1
mendagri soal wacana pemindahan ibu kota jabar persiapkan  baik silakan,0
amein rais minta jokowi batalkan pemindahan ibu kota pic twitter com jyaqevhayr,-1
bulan agustus september  isu besar berhasil naik jadi wacana nasional  pemindahan ibu kota  referendum papua jokowi tenang tenang  tuh  istana,-1
pemindahan ibu kota  kaltim  turunkan aktivitas ekonomi jakarta pic twitter com fgelff siz,-1
fadli zon sarankan dana pemindahan ibu kota dipakai  benahi bpjs pic twitter com uscw giodd,-1
amien rais pemerintah menunggu kajian tiongkok soal pemindahan ibu kota pic twitter com vvfpn bz j,-1
bukan bappenas amien rais ungkap pemindahan ibu kota ri berdasarkan kajian china,-1
survei median mayoritas tolak ibu kota pindah  kaltim mayoritas masy indonesia tdk  ibu kota negara pindah  kaltim   alasan  mendukung rencana pemindahan ibu kota tersebut syukurlah  banyak yg kritis  waras,-1
pemindahan ibu kota amien rais caper,0
pemindahan ibu kota ri  perspektif pertahanan,0
sejak bulan mei   warning bahayanya  pemindahan ibu kota melibatkan bumn logikanya  bangun infrastruktur aja  bikin bumn pusing  hutang hutang hutang  bangun ibu kota hmmm bener  si kakek pic twitter com bhe xwhrxu,-1
fadli zon pertanyakan urgensi pemindahan ibu kota pic twitter com bye mum bi,0
pemindahan ibu kota  skema investasi  jual beli lahan   akanada kepemilikan  timbal jasa  swasta,1
semoga  serupa  dilakukan  proses pemindahan ibu kota  proses pemindahan ibu kota memerlukan dana besar walaupun   oknum yg mencari kesempatan   salahnya  mengantisipasi bocornya dana akibat tikus,1
tolak pemindahan ibu kota tolak kenaikan iuran bpjs tolak pelantikan jokowi,-1
 untung bru rencana kalo  jalan kayak bpjs gimana urusan kecil sbuah negara utk tangani bpjs aja  merugi  pilot project pemindahan ibu kota indikator ktidak berhasilan byk pak jdi gkppa sbg oposisi hrs sampaikan unek,-1
